<PAD>	1000000000
<UNK>	1000000000
<S>	1000000000
</S>	1000000000
的	8461
是	2047
和	1836
在	1784
了	1426
中国	1336
一	1171
对	960
发展	847
中	829
不	829
两	789
国	730
个	715
这	686
有	657
要	639
与	632
美国	630
经济	592
说	579
他	564
也	552
上	544
关系	543
问题	530
国家	517
将	509
为	494
台湾	481
新	481
年	477
就	455
人民	435
我们	434
各	427
政府	395
工作	355
大	346
合作	339
重要	335
都	322
还	315
次	313
社会	295
以	285
地	284
能	280
表示	275
建设	263
会	260
党	260
进行	259
多	256
国际	254
人	253
世界	250
并	249
来	246
而	243
美	240
但	236
地区	224
到	224
从	223
种	223
已	222
三	221
等	219
方面	218
政策	217
全	216
加强	215
日	210
政治	210
和平	210
企业	208
此	205
月	202
代表	199
后	188
我国	187
更	185
会议	182
下	182
实现	181
江泽民	181
把	180
指出	179
改革	178
组织	178
日本	177
必须	176
世纪	176
岸	175
历史	174
统一	174
着	172
时	171
认为	170
我	170
向	168
双方	168
共同	167
其	167
没有	167
技术	161
教育	160
稳定	159
市场	158
原则	157
军事	156
友好	155
支持	154
进一步	153
他们	152
思想	152
一些	151
最	151
好	150
使	149
要求	149
民族	148
所	146
战略	144
访问	143
有关	142
强调	142
努力	141
之	141
继续	140
记者	140
坚持	138
解决	138
领导	138
安全	137
已经	137
应	137
项	136
活动	136
领导人	136
提出	134
不断	134
同	131
北京	131
可以	131
自己	131
利益	130
希望	129
基础	126
总统	126
影响	126
计划	124
干部	124
主席	123
同时	122
这个	122
社会主义	121
取得	120
目前	120
通过	120
很	120
积极	119
作为	119
今年	119
又	117
中央	117
于	116
管理	116
高	115
这些	115
提高	115
建立	114
举行	114
领域	111
情况	111
今天	111
及	109
制度	109
祖国	108
本	108
才	108
大陆	107
法轮功	107
可	106
人权	106
根本	106
导弹	105
成为	104
环境	103
主要	102
推动	101
作用	101
布什	100
实施	100
香港	100
当局	99
开发	99
贸易	98
部门	96
维护	94
由	94
发生	94
重视	93
如果	92
以来	92
被	91
作出	91
战争	91
西部	91
现在	91
促进	90
增长	90
需要	89
俄	89
去年	89
法律	88
第一	88
扩大	88
文化	88
形势	88
信息	87
前	86
位	85
精神	84
充分	84
重大	84
现代化	84
正	83
措施	83
可能	82
得	82
提供	82
之间	81
保持	81
华	81
具有	81
条件	81
反对	81
任务	80
武器	80
调整	80
朝鲜	80
研究	79
五	78
只	78
因此	77
全面	76
科学	76
任何	76
西藏	76
开放	76
决定	76
基本	76
内	76
人员	76
系统	76
联合国	76
科技	75
再	75
采取	75
级	75
群众	74
军队	74
看	74
力量	74
据	73
俄罗斯	73
投资	73
名	73
交流	73
意见	72
能力	72
事业	72
开展	72
得到	72
中共	72
给	72
台独	72
部分	72
访	71
公司	71
条	71
立场	71
一定	71
了解	71
金融	70
用	70
该	70
监督	70
完全	69
过	69
许多	69
事实	69
存在	69
几	69
外交	68
目标	68
资源	68
3	67
李鹏	67
只有	67
利用	67
中方	67
经贸	67
人大	66
谈判	66
体制	66
但是	66
事件	66
曾	66
十分	66
包括	65
实践	65
这样	65
民主	65
开始	65
应该	65
结构	65
行动	64
创新	64
规定	64
处理	64
斗争	64
成功	63
出现	63
保障	63
未来	63
当前	63
理论	63
进入	63
加入	63
良好	62
中华	62
期间	62
水平	62
主权	62
台	62
作	62
加快	62
发挥	62
讲话	61
人士	61
人们	60
联合	60
高度	60
生产	60
学习	60
改善	60
其他	60
对话	59
亚洲	59
它	59
保护	59
未	59
财政	59
严重	58
或	58
分裂	58
意义	58
总理	58
机关	58
关于	58
变化	58
小	57
部队	57
元	57
出	57
机构	57
表明	57
深入	57
讲	57
届	57
认识	56
由于	56
地位	56
参加	56
国防	56
亿	56
势力	55
增加	55
邪教	55
做	55
作战	55
不仅	54
应当	54
事	54
人才	54
仍	54
发表	54
推进	54
同志	54
对于	54
农业	54
今后	53
直接	53
生活	53
责任	53
朱镕基	53
进程	53
正确	53
工程	53
10	53
会谈	53
欢迎	52
克林顿	52
近	52
不同	52
却	52
官员	52
之一	52
新闻	52
一直	52
美方	52
每	52
起	51
带来	51
农村	51
更加	51
成果	51
友谊	51
坚决	51
大会	51
则	51
去	51
始终	50
态度	50
国有	50
朝	50
落实	50
4	50
至	50
接受	50
国内	50
时期	50
以及	50
而且	50
产业	49
正在	49
报道	49
贯彻	49
关键	49
电	49
看到	48
十五	48
报告	48
巨大	48
相互	48
会见	48
装备	48
人类	48
二	48
随着	48
贡献	48
共产党	48
重点	48
过去	48
手段	48
条约	47
为了	47
长期	47
内容	47
制定	47
因为	47
委员会	47
有效	47
中心	47
传统	47
7	47
天	47
领土	46
农民	46
共识	46
地方	46
特别是	46
方式	46
甚至	46
陈水扁	46
一切	46
时代	46
部署	46
过程	46
方针	46
时间	46
5	45
6	45
8	45
阶段	45
资金	45
结束	45
准备	45
依法	45
进步	45
让	45
防御	45
挑战	45
产生	45
能够	45
印度	45
所谓	45
完善	45
符合	45
会晤	44
专家	44
质量	44
创造	44
国民	44
其中	44
协议	44
受到	44
服务	44
竞争	44
实际	44
保证	44
美军	44
经营	43
打击	43
认真	43
国务院	43
第二	43
广大	43
李登辉	43
经验	43
原因	43
面临	43
网络	43
行为	43
深刻	43
马克思主义	43
比	43
nmd	43
上海	43
全球化	42
制	42
发展中	42
参与	42
美元	42
第三	42
成立	42
对外	42
承认	42
根据	41
方向	41
素质	41
平等	41
修改	41
完成	41
非常	41
达成	41
主张	41
因素	41
之后	40
关注	40
宣传	40
形成	40
20	40
形式	40
执行	40
交换	40
有利于	40
机遇	40
相信	40
双边	40
全球	40
增强	40
出席	40
四	39
所有	39
犯罪	39
如何	39
机制	39
搞	39
非	39
分子	39
江	39
委员	39
什么	39
首脑	39
知识	39
强烈	39
使用	39
亚酞	39
如	39
组成	39
广泛	39
单位	39
愿	39
问	39
改变	38
受	38
体现	38
越	38
表现	38
你	38
现实	38
2	38
1	38
代表团	38
称	38
无	38
面对	38
是否	38
经过	37
想	37
首先	37
飞机	37
公开	37
新华社	37
达到	37
交往	37
实行	37
朱	37
力度	37
出口	37
造成	37
建议	37
里	37
明确	37
中东	37
局势	36
伙伴	36
深化	36
近年	36
感到	36
既	36
达	36
自	36
困难	36
切实	36
起来	36
钱其琛	35
先进	35
较	35
注意	35
适应	35
普京	35
明显	35
议会	35
她	35
核心	35
感谢	35
结合	35
最终	35
现代	35
此外	35
团结	35
事务	34
部长	34
家	34
结果	34
证明	34
胡锦涛	34
进展	34
权利	34
快速	34
正式	34
来自	34
西方	34
英国	33
尊重	33
繁荣	33
趋势	33
越来越	33
省	33
然而	33
召开	33
给予	33
常委会	33
建交	33
接触	33
首	33
宣布	33
委员长	33
打	33
集团	33
承诺	33
健康	33
民众	33
加大	33
大量	32
共	32
收入	32
引起	32
同胞	32
极	32
具体	32
宗教	32
介绍	32
指导	32
虽然	32
成员	32
谈	32
报	32
另	32
基	32
合理	32
城市	32
范围	32
愿意	32
媒体	31
目的	31
令	31
集中	31
间	31
韩国	31
驻	31
特点	31
威胁	31
如此	31
革命	31
按照	31
选择	31
占	31
不少	30
欧洲	30
行政	30
一贯	30
只要	30
冷战	30
优势	30
难以	30
金字旁容	30
特别	30
海峡	30
演习	30
独立	30
普遍	30
万	30
关心	30
因	30
真正	30
基层	30
做好	30
反	30
不过	30
全体	30
世贸	30
最高	30
持续	30
还是	30
半岛	30
批	29
预算	29
文明	29
再次	29
场	29
成	29
三通	29
高兴	29
势头	29
政协	29
军	29
说明	29
上述	29
必要	29
外资	29
高层	29
最近	29
年代	29
9	29
大学	29
欧	29
系列	29
运用	29
基地	28
危机	28
培养	28
比较	28
允许	28
外	28
体系	28
李洪志	28
顺利	28
那	28
道路	28
并不	28
限制	28
个人	28
外国	28
总	28
电子	28
走	28
理解	27
状况	27
少数	27
周年	27
发达	27
回答	27
党委	27
现象	27
履行	27
全国	27
标准	27
干涉	27
海军	27
程度	27
水	27
舆论	27
50	27
早	27
wto	27
均	27
尽管	27
投入	27
重申	26
解放	26
必然	26
外交部	26
突出	26
深	26
批评	26
点	26
逐步	26
综合	26
意识	26
行	26
帮助	26
破坏	26
对抗	26
银行	26
规模	26
邀请	26
有些	26
21	26
考虑	26
项目	26
方	26
总书记	26
负责	26
欧盟	26
澳门	26
走向	26
论坛	25
入世	25
大力	25
产品	25
老	25
生产力	25
愿望	25
一样	25
前提	25
件	25
安理会	25
国民党	25
很多	25
以上	25
调查	25
新疆	25
增进	25
讨论	25
评价	25
12	25
矛盾	25
推行	25
外长	25
巴	25
分别	25
复杂	25
腐败	25
重	24
王伟	24
规划	24
秩序	24
经历	24
唐家璇	24
当然	24
1999	24
2000	24
伊拉克	24
集体	24
整体	24
在内	24
人口	24
抓好	24
分析	24
国会	24
即	24
此间	24
难	24
事情	24
至今	24
请	24
段	24
前进	24
看法	24
必	24
伟大	24
南	24
我军	24
决策	24
正常	24
邓小平	24
粮食	24
审议	23
工业	23
以色列	23
从事	23
代	23
经	23
冲突	23
巴勒斯坦	23
共和国	23
相关	23
来说	23
办法	23
最后	23
成就	23
训练	23
下去	23
下午	23
前景	23
第四	23
减少	23
以后	23
古巴	22
八	22
做法	22
整个	22
文章	22
发言	22
需求	22
空间	22
印	22
损害	22
充满	22
成效	22
发言人	22
速度	22
内政	22
飞行	22
上午	22
虽	22
互利	22
法院	22
相当	22
就业	22
在于	22
坚定	22
巩固	22
无法	22
签署	21
探索	21
快	21
改造	21
热烈	21
发现	21
十	21
人民币	21
九	21
赞赏	21
超过	21
统计	21
话	21
满意	21
特色	21
恢复	21
鲍威尔	21
缺乏	21
予以	21
公安	21
同意	21
空军	21
改进	21
设施	21
热情	21
一致	21
获得	21
民进党	21
严格	21
自由	21
便	21
双	21
处	21
路线	20
制造	20
当今	20
出来	20
资本	20
采访	20
首相	20
选举	20
政党	20
检查	20
仍然	20
向前	20
抓住	20
完整	20
靠	20
拥有	20
主题	20
透露	20
低	20
北	20
你们	20
军售	20
遵守	20
分歧	20
批准	20
自身	20
联系	20
声明	20
确保	20
层次	20
信任	20
生命	20
站	20
侵略	20
失败	20
农产品	20
放弃	20
规范	20
负责人	20
北约	20
日益	20
重新	20
亲切	20
怎样	20
效益	20
奋斗	19
本质	19
安排	19
厦门	19
针对	19
当	19
岁	19
历来	19
宪法	19
绝对	19
来到	19
呢	19
有的	19
各自	19
观念	19
风险	19
职能	19
据悉	19
队伍	19
提案	19
演练	19
密切	19
差距	19
强大	19
立即	19
步	19
职责	19
突破	19
告诉	19
机会	19
华人	19
小组	19
一再	19
问候	19
呼吁	19
考察	19
绝	19
反映	19
转变	19
压力	19
迅速	19
作风	19
依靠	19
伊朗	19
侦察	19
以下	18
党员	18
执政	18
贫困	18
底	18
局面	18
某	18
中国人	18
相应	18
确定	18
公布	18
约	18
权力	18
方法	18
开	18
协调	18
司法	18
肯定	18
性质	18
反华	18
阶级	18
生态	18
追求	18
谈到	18
同样	18
机场	18
行业	18
即将	18
搞好	18
霸权主义	18
资产	18
海外	18
草案	17
法制	17
指挥	17
论	17
消除	17
副总理	17
100	17
反应	17
侵犯	17
显示	17
课题	17
法	17
韩	17
几乎	17
制裁	17
培训	17
案件	17
连	17
尚	17
座谈会	17
商业	17
尽快	17
成员国	17
属于	17
青少年	17
违反	17
避免	17
义务	17
控制	17
初	17
协商	17
涉及	17
16	17
所以	17
客观	17
清醒	17
回归	17
持	17
大业	17
九五	17
像	17
当时	17
手	17
武力	17
李岚清	17
违法	17
危险	17
圆满	17
丰富	17
强	17
转达	17
不满	17
书记	17
防止	17
谁	17
言	17
导致	17
仅	17
实力	17
展开	17
政权	17
这里	17
40	17
标志	17
值得	17
消息	17
区域	16
经常	16
非洲	16
将来	16
学校	16
副主席	16
冲击	16
官兵	16
族	16
背景	16
决心	16
自主	16
核武器	16
那么	16
奉行	16
有所	16
各界	16
议员	16
科研	16
举措	16
发射	16
祝贺	16
财产	16
工资	16
全部	16
赢得	16
竞争力	16
无疑	16
大战	16
激烈	16
当地	16
说法	16
上台	16
能源	16
知道	16
诚意	16
伊	16
市	16
强化	16
途径	16
紧张	16
拒绝	16
磋商	16
协定	16
按	16
规则	16
德国	16
特殊	16
国务卿	16
反导	16
确实	16
主持	16
六	16
法规	16
总体	16
消费	16
国外	16
做出	16
取消	16
决议	16
举	16
遇到	15
11	15
前途	15
亚	15
明年	15
潜艇	15
妥善	15
能否	15
动员	15
飞行员	15
卫星	15
动力	15
规律	15
攻击	15
刚刚	15
种种	15
那些	15
有利	15
抓	15
留下	15
撞机	15
武装	15
制约	15
购买	15
企图	15
开拓	15
近日	15
平均	15
谋求	15
时候	15
初步	15
商务	15
彼此	15
多数	15
电视	15
转向	15
高级	15
华侨	15
元首	15
半	15
家庭	15
依照	15
具备	15
业务	15
某些	15
先进性	15
禁止	15
振兴	15
非法	14
价值	14
十月	14
角度	14
历史性	14
抵达	14
吗	14
见	14
六月	14
有力	14
亦	14
没	14
步伐	14
右翼	14
尉健行	14
长远	14
内地	14
行径	14
出售	14
错误	14
夫人	14
负担	14
议长	14
那样	14
大使	14
致力于	14
事故	14
土地	14
担心	14
危害	14
国防部	14
大局	14
战线	14
不懈	14
英	14
观点	14
睦邻	14
重要性	14
类	14
竞选	14
居民	14
酞空	14
自然	14
长	14
吕秀莲	14
尤其是	14
朱邦造	14
一行	14
一旦	14
当选	14
把握	14
意味	14
需	14
内部	14
变	14
成绩	14
先生	14
朋友	14
模式	14
健全	14
不管	14
期待	14
真	14
巴基斯坦	14
属	14
平衡	14
所在	14
对方	14
美国人	14
宏观	14
除了	14
沿海	14
研制	14
县	14
2001	13
之中	13
发行	13
维持	13
感情	13
至于	13
空中	13
决	13
紧密	13
求	13
赴	13
华盛顿	13
面向	13
活力	13
互访	13
航天	13
马	13
加剧	13
表达	13
严峻	13
一道	13
计算机	13
做到	13
24	13
条例	13
痴迷者	13
千	13
任	13
物质	13
警惕	13
互联网	13
设备	13
掌握	13
承担	13
战略性	13
毛泽东	13
唯一	13
支付	13
支	13
除	13
会计	13
教训	13
番	13
当年	13
更为	13
台商	13
衷心	13
保险	13
招待会	13
区	13
迟浩田	13
国债	13
程序	13
全会	13
中亚	13
构成	13
1997	13
1998	13
暴力	13
中外	13
总结	13
引导	13
运行	13
自治区	13
图谋	13
显然	13
大家	13
网	13
参观	13
京	13
成本	13
奠定	13
遭到	13
防空	13
治理	13
15	13
清楚	13
处于	13
日前	13
传媒	13
放	13
立法	13
选拔	13
思路	13
昨天	13
信心	13
举办	13
公正	13
本人	13
及时	13
早日	13
停止	13
公报	13
思维	13
胜利	13
落后	13
指	13
报导	12
呈现	12
税收	12
议题	12
究竟	12
无论	12
联盟	12
道德	12
分	12
代价	12
公里	12
拦截	12
情报	12
军备	12
克服	12
引发	12
党派	12
自焚	12
左右	12
者	12
遏制	12
依然	12
来访	12
院校	12
今日	12
领空	12
优惠	12
主动	12
知	12
专项	12
怎么	12
达赖	12
合法	12
学者	12
职工	12
主导	12
期	12
保卫	12
优秀	12
遭受	12
争取	12
议案	12
酞平洋	12
章启月	12
就职	12
消极	12
台北	12
二十一	12
障碍	12
特区	12
理想	12
广阔	12
李瑞环	12
信念	12
权益	12
轮	12
严打	12
编制	12
品种	12
上市	12
信息化	12
省委	12
军区	12
直	12
只是	12
与会	12
侦察机	12
运作	12
台海	12
贷款	12
价格	12
采用	12
谈话	12
连续	12
前往	12
大选	12
文件	12
原来	12
乃至	12
战术	12
提升	12
分配	12
离开	12
公约	12
干	11
答	11
当天	11
常委	11
悠久	11
满足	11
官方	11
交通	11
工人	11
若	11
严肃	11
年轻	11
分割	11
不久	11
随后	11
抗议	11
潜力	11
祝愿	11
敌人	11
付出	11
相对	11
防范	11
围绕	11
硬	11
住	11
二月	11
委员们	11
年度	11
似乎	11
七	11
艰苦	11
部	11
损失	11
跨国	11
为主	11
法国	11
富裕	11
人道主义	11
彻底	11
何	11
军方	11
高等	11
若干	11
时刻	11
阁下	11
容	11
协作	11
协会	11
方案	11
设立	11
意志	11
──	11
毒品	11
隆重	11
审计	11
视为	11
引进	11
跟	11
研讨会	11
配合	11
一般	11
公民	11
暴露	11
指标	11
一系列	11
试验	11
广东	11
先	11
负有	11
协助	11
解释	11
另外	11
强硬	11
信仰	11
从来	11
相	11
曾经	11
显着	11
应用	11
反腐败	11
资料	11
台阶	11
紧迫	11
对待	11
起到	11
26	11
布希	11
或者	11
交	11
变革	11
往往	11
人事	11
裁军	11
奥运会	11
民间	11
港	11
下来	11
有限	11
回应	10
干扰	10
七月	10
对付	10
实际上	10
印象	10
战机	10
失业	10
推向	10
霸道	10
新加坡	10
出发	10
其次	10
劳动	10
财务	10
状态	10
架	10
看待	10
型	10
通报	10
牺牲	10
舰队	10
海协	10
军用	10
户	10
七一	10
权威	10
奥尔布赖特	10
工业化	10
龙永图	10
下降	10
枚	10
父母	10
身	10
找到	10
学生	10
民主党	10
哪些	10
众所周知	10
至关	10
越南	10
岛	10
纷纷	10
真实	10
总值	10
新型	10
调控	10
神圣	10
生存	10
后果	10
动摇	10
专利	10
您	10
远	10
拖延	10
倍	10
孙玉玺	10
办公室	10
23	10
发出	10
为什么	10
演说	10
内需	10
宝贵	10
辉煌	10
智利	10
朝韩	10
打破	10
境内	10
摆脱	10
享受	10
接待	10
27	10
东盟	10
边界	10
思考	10
迎接	10
其它	10
潮流	10
仪式	10
谴责	10
言论	10
解放军	10
股	10
缺	10
些	10
五月	10
谢长廷	10
回避	10
民事	10
面前	10
评论	10
培育	10
石油	10
高雄	10
前所未有	10
国际法	10
运动	10
上升	10
白皮书	10
30	10
典型	10
人心	10
现状	10
失去	10
频繁	10
印尼	10
它们	10
和解	10
教科书	10
伤亡	10
进口	10
加深	10
青年	10
听	10
的话	10
一点	10
经合	10
框架	10
东西	10
股票	10
负面	9
优先	9
历程	9
永远	9
愤慨	9
成熟	9
0	9
联邦	9
号	9
套	9
派	9
政治局	9
担任	9
战场	9
领袖	9
旧	9
正常化	9
鼓吹	9
预料	9
脱困	9
几十	9
破产	9
高于	9
泰	9
见面	9
气氛	9
纪念	9
大规模	9
巡航	9
刺激	9
标题	9
教师	9
叙	9
缓解	9
远远	9
精力	9
儿子	9
从而	9
行使	9
竞赛	9
反复	9
特征	9
依据	9
工作者	9
大批	9
形象	9
担忧	9
城镇	9
干预	9
高原	9
报纸	9
新党	9
汇率	9
价值观	9
办理	9
言行	9
深圳	9
写	9
扶贫	9
赤字	9
阿拉伯	9
恐怕	9
海南	9
鼓励	9
表述	9
80	9
民营	9
国力	9
战斗	9
主体	9
市长	9
毫	9
部长级	9
道理	9
参拜	9
回到	9
八十	9
换	9
核	9
90	9
构想	9
金正日	9
检验	9
待遇	9
军国主义	9
莫斯科	9
之际	9
办	9
成长	9
建设性	9
设计	9
22	9
体育	9
空袭	9
走上	9
妇女	9
战	9
句	9
名义	9
台湾岛	9
资本主义	9
别人	9
收支	9
外来	9
考验	9
张	9
澳	9
外商	9
其实	9
科索沃	9
难度	9
外贸	9
防护	9
相反	9
纲领	9
尊严	9
突然	9
且	9
如今	9
路	9
电话	9
共和党	9
位置	9
封建	9
示威	9
专业	9
温家宝	9
逐渐	9
阐述	9
互信	9
加紧	9
多极化	9
形态	9
公共	9
原	9
1995	9
总之	9
末	9
组建	9
审批	9
电脑	9
客人	9
走私	9
现场	9
整治	9
迄今	9
货币	9
钱	9
二十	9
否认	9
18	9
通信	9
网站	9
大胆	9
上任	9
优良	9
明白	9
艘	9
证券	9
小康	9
适当	8
事项	8
节目	8
多边	8
邻邦	8
庆祝	8
专门	8
大约	8
昨日	8
东南	8
靖国神社	8
之前	8
活跃	8
拥护	8
加以	8
赞成	8
纲要	8
离	8
近来	8
叙利亚	8
赋予	8
发布会	8
使得	8
注重	8
震惊	8
强权	8
职务	8
内涵	8
自律	8
动向	8
字	8
随时	8
小时	8
预计	8
纳入	8
严厉	8
容易	8
境外	8
审理	8
首要	8
人物	8
福建	8
脱离	8
民意	8
继承	8
布莱尔	8
国家主席	8
角色	8
国土	8
分钟	8
政治家	8
指示	8
着重	8
忘记	8
探讨	8
垄断	8
经费	8
迎来	8
场所	8
有益	8
纪律	8
显得	8
援助	8
命运	8
最新	8
信托	8
步骤	8
对策	8
执法	8
军机	8
补充	8
合同	8
上半年	8
效果	8
待	8
具	8
即使	8
凝聚力	8
受益	8
委托	8
最大	8
弹道	8
大门	8
复兴	8
合资	8
接近	8
北戴河	8
爱国	8
东亚	8
北京市	8
基金	8
世界观	8
深远	8
一九九九年	8
并没有	8
战法	8
pntr	8
常任	8
签订	8
学科	8
本来	8
公示	8
缓和	8
当代	8
手续	8
儿童	8
亏损	8
吨	8
日方	8
统	8
主管	8
坚定不移	8
团体	8
高新	8
车	8
开幕	8
参议院	8
打开	8
任命	8
出版	8
争端	8
模拟	8
死	8
效率	8
地下	8
法治	8
坚信	8
敏感	8
坚强	8
话题	8
策略	8
近期	8
相比	8
党校	8
往来	8
导航	8
数十	8
宣言	8
不利	8
减轻	8
出于	8
使命	8
修正案	8
案	8
尽	8
1996	8
声称	8
认同	8
总是	8
老挝	8
大大	8
企业家	8
命令	8
智慧	8
防务	8
警示	8
老一辈	8
论述	8
防卫	8
常	8
全民	8
派出	8
海关	8
法案	8
灾害	8
中巴	8
提前	8
律师	8
变成	8
白宫	8
恶化	8
主流	8
面积	8
时机	8
三峡	8
商谈	8
维和	8
等于	8
电信	8
促	8
一起	7
金大中	7
数字	7
不足	7
国情	7
四月	7
声	7
熟悉	7
文	7
跨越	7
相连	7
信赖	7
比重	7
上来	7
工具	7
进	7
时事	7
战区	7
泰国	7
遵循	7
到来	7
第九	7
旅游	7
互相	7
承受	7
篇	7
让步	7
首都	7
坚实	7
之所以	7
发	7
文学	7
减税	7
展览	7
理由	7
配置	7
院	7
波折	7
分析家	7
先后	7
源远流长	7
山东	7
娱乐	7
南方	7
借鉴	7
渠道	7
优化	7
吸收	7
时报	7
战斗力	7
心	7
白	7
乱	7
支出	7
陆军	7
天安门	7
哪	7
退耕	7
总额	7
打赢	7
朱亚衍	7
中西部	7
广场	7
得以	7
团伙	7
军控	7
办事	7
人均	7
边	7
终于	7
支柱	7
仅仅	7
副部长	7
上下	7
浙江	7
科学院	7
团	7
军官	7
矿产	7
有机	7
搜寻	7
为期	7
阿富汗	7
哲学	7
相继	7
可能性	7
鲜明	7
自动化	7
指责	7
舰艇	7
军人	7
绝大多数	7
看看	7
迫切	7
访问团	7
回	7
紧缩	7
全球性	7
享有	7
至少	7
采购	7
世人	7
定位	7
定	7
通讯社	7
乡镇	7
同盟	7
感	7
修订	7
评估	7
投票	7
十一月	7
平时	7
出访	7
间谍	7
一下	7
藏	7
争	7
大多数	7
实效	7
权	7
带动	7
悲剧	7
广播	7
教授	7
周边	7
深深	7
局部	7
交涉	7
善意	7
歪曲	7
答应	7
距离	7
艰巨	7
航母	7
三月	7
控股	7
煤矿	7
淘汰	7
补贴	7
军费	7
小泉	7
短期	7
边境	7
什么样	7
轨道	7
虚拟	7
周	7
亚美尼亚	7
捍卫	7
吴邦国	7
正义	7
可行	7
开辟	7
阻挠	7
内阁	7
观察	7
移民	7
商品	7
足够	7
出去	7
大幅	7
赞同	7
工商界	7
确立	7
比例	7
东京	7
起码	7
退出	7
策划	7
极端	7
张万年	7
吸引	7
事关	7
现有	7
效应	7
崇高	7
31	7
盟国	7
坐	7
共同点	7
庞大	7
俄方	7
份	7
那里	7
保护主义	7
材料	7
大部分	7
随	7
军委	7
私营	7
灾难	7
不但	7
理事国	7
此后	7
无赖	7
与会者	7
连战	7
模范	7
尤其	7
大中型	7
阿拉法特	7
公平	7
发扬	7
不得不	7
全军	7
制造业	7
极为	7
扎实	7
严正	7
驱逐舰	7
战时	7
八国	7
500	7
实质性	7
全局	7
意大利	7
花	7
学员	7
寻求	7
常规	7
妻子	7
对手	7
态势	7
关岛	7
宣称	7
须	7
瑞士	7
和谈	7
眼睛	7
北方	7
有助于	7
尝试	7
妥协	7
实质	7
一月	7
高校	7
软件	7
赢	7
旅游业	7
推广	7
亲自	7
请求	7
五十	6
股东	6
短暂	6
一半	6
勾结	6
吃	6
议定书	6
积累	6
发放	6
紧迫感	6
投资者	6
契机	6
纠正	6
自行	6
互惠	6
题	6
蓬勃	6
晚间	6
恐怖	6
授予	6
共处	6
柬	6
沈国放	6
污染	6
差异	6
宏伟	6
找	6
百	6
监管	6
准则	6
由衷	6
汇报	6
子孙	6
轰炸	6
初期	6
南非	6
身上	6
地理	6
普通	6
遗憾	6
数量	6
爱	6
简单	6
倡议	6
展现	6
流通	6
汽车	6
百分点	6
廉政	6
团长	6
各位	6
别	6
练习者	6
拉姆斯菲尔德	6
炮兵	6
动用	6
港口	6
疑虑	6
敬意	6
基本法	6
起草	6
无论是	6
税费	6
主任	6
墨西哥	6
咨询	6
旗帜	6
廉洁	6
较为	6
诸多	6
过来	6
曾庆红	6
怕	6
预防	6
电力	6
届时	6
读者	6
瓦杰帕伊	6
强劲	6
喜欢	6
信息战	6
以为	6
意愿	6
有序	6
宗教界	6
统治	6
审查	6
加	6
阵地	6
学说	6
关闭	6
足以	6
作品	6
刑事	6
耶路撒冷	6
出路	6
互动	6
情绪	6
提问	6
60	6
加拿大	6
自我	6
总部	6
铁路	6
申请	6
类似	6
卡斯特罗	6
计委	6
班子	6
监视	6
非但	6
安置	6
别国	6
东部	6
柬埔寨	6
细致	6
牢牢	6
兴趣	6
根	6
游行	6
海基会	6
检察	6
陪同	6
性能	6
日趋	6
转让	6
致使	6
南亚	6
故意	6
分裂主义	6
福建省	6
社会化	6
循环	6
排除	6
25	6
忽视	6
释放	6
纽约	6
向上	6
国企	6
拓展	6
为何	6
固定	6
海域	6
马耳他	6
交替	6
菲律宾	6
行政区	6
申奥	6
削弱	6
成克杰	6
之上	6
二十多	6
深思	6
二十日	6
大多	6
模糊	6
混乱	6
不良	6
警方	6
实事求是	6
提倡	6
备受	6
抓获	6
稳步	6
公然	6
辩证	6
战斗机	6
无产	6
丧失	6
前夕	6
清晰	6
200	6
二十八日	6
特大	6
一九九二年	6
中新社	6
应有	6
结论	6
实	6
借	6
要素	6
九月	6
乌拉圭	6
面貌	6
无限期	6
相似	6
17	6
议程	6
总量	6
荣幸	6
火力战	6
政局	6
职位	6
金额	6
闹剧	6
第十	6
治国	6
测试	6
14	6
到达	6
以往	6
宗旨	6
消失	6
普及	6
回升	6
格局	6
沟通	6
自杀	6
解除	6
邻国	6
身份	6
应对	6
持久	6
收到	6
吴仪	6
环节	6
反而	6
财富	6
南斯拉夫	6
道歉	6
自觉	6
富有	6
务实	6
颇	6
很大	6
判处	6
好处	6
摆	6
爱国主义	6
收费	6
星球	6
李远哲	6
美机	6
怀诚	6
南北	6
独特	6
启动	6
产物	6
形式主义	6
大使馆	6
工会	6
天主教	6
抵御	6
可持续	6
实验室	6
既然	6
率领	6
限度	6
逐年	6
看来	6
推出	6
陵水	6
劳动力	6
海湾	6
幕	6
诞生	6
乌	6
真诚	6
环保	6
积极性	6
骨干	6
光荣	6
两国论	6
开支	6
下半年	6
创造性	6
婚姻法	6
够	6
使馆	6
山水	6
萨达姆	6
变得	6
预警	6
贩毒	6
图	6
13	6
携手	6
加速	6
激励	6
医院	6
退税	6
19	6
岗位	6
从此	5
此前	5
出动	5
年底	5
放松	5
祝	5
顾问	5
趋于	5
子女	5
透过	5
同志们	5
民主化	5
巴拉克	5
伴随	5
缩小	5
陈	5
阿	5
预见	5
研讨	5
带有	5
霸权	5
下岗	5
生育	5
造福	5
福州	5
公务员	5
不惜	5
上海市	5
参选	5
这么	5
散布	5
于是	5
推	5
通道	5
注定	5
左派	5
期望	5
轿车	5
衡量	5
城市化	5
季度	5
所有制	5
防	5
累计	5
再度	5
象	5
抛出	5
不安	5
到底	5
公斤	5
相同	5
革命家	5
鉴于	5
书面	5
数据	5
平息	5
沿着	5
核裁军	5
觉得	5
信号	5
遭	5
任期	5
存款	5
沪	5
扮演	5
扬言	5
城乡	5
巴西	5
翻天覆地	5
典礼	5
跨越式	5
查处	5
一如既往	5
救助	5
十七日	5
海上	5
拉	5
合成	5
告别	5
常务	5
认证	5
台资	5
促使	5
增多	5
贸易额	5
甚	5
树立	5
一体化	5
引向	5
信	5
渗透	5
身边	5
就任	5
极力	5
党政	5
替代	5
表态	5
致	5
假	5
营造	5
高官	5
连日来	5
供应	5
多样化	5
预言	5
化解	5
顽固	5
线	5
样式	5
头目	5
奖	5
记录	5
周围	5
国王	5
新兴	5
官僚主义	5
财经	5
短	5
世	5
看好	5
更新	5
袭击	5
工商	5
70	5
传输	5
拿出	5
与否	5
质疑	5
听取	5
带	5
兼并	5
声音	5
多么	5
艺术	5
易	5
事物	5
经常性	5
起点	5
居	5
阻碍	5
阻挡	5
非正式	5
产量	5
驻华	5
董建华	5
火箭	5
普遍性	5
国界	5
升级	5
度	5
疑问	5
叶选平	5
镇	5
民用	5
军舰	5
逻辑	5
拒	5
宪章	5
申办	5
赞扬	5
准入	5
中旬	5
考量	5
飞弹	5
兵力	5
良性	5
复杂性	5
总统府	5
逆转	5
毁灭	5
广州	5
修炼	5
死亡	5
乌克兰	5
大势所趋	5
平静	5
第二十	5
出任	5
心理	5
多少	5
入党	5
职业	5
公众	5
行之有效	5
白俄罗斯	5
潜在	5
弘扬	5
参议员	5
私人	5
市民	5
尼泊尔	5
演讲	5
安南	5
李肇星	5
急	5
三十	5
必要性	5
难得	5
业绩	5
公路	5
借口	5
票	5
看出	5
充实	5
政界	5
游戏	5
提法	5
商定	5
座谈	5
石广生	5
第	5
所长	5
倡导	5
关头	5
予	5
练	5
后来	5
兄弟	5
峰会	5
飞抵	5
确	5
失	5
获	5
布局	5
四十	5
心情	5
本报讯	5
领会	5
除恶	5
大连	5
筹集	5
他人	5
陕西	5
欲	5
费用	5
远程	5
南海	5
马克思	5
通讯	5
指明	5
概括	5
抉择	5
处分	5
互	5
姿态	5
调节	5
冷静	5
大型	5
之外	5
分工	5
率先	5
持有	5
外相	5
得逞	5
紧急	5
增长率	5
乐观	5
敢	5
海空	5
传播	5
沙特阿拉伯	5
足	5
哈	5
埃及	5
富强	5
试点	5
层	5
日报	5
代替	5
合力	5
提请	5
难道	5
关税	5
副	5
转移	5
本着	5
珍视	5
登陆	5
派遣	5
45	5
支援	5
在野	5
处罚	5
通知	5
罗干	5
52	5
拜登	5
警告	5
撤军	5
保留	5
抱	5
否则	5
黑	5
湖北	5
提	5
地球	5
变更	5
专政	5
降低	5
难题	5
高效	5
人人	5
判断	5
精心	5
桥梁	5
破获	5
共产党员	5
得益于	5
轻	5
院士	5
出台	5
通	5
相辅相成	5
专题	5
正面	5
办好	5
里程碑	5
29	5
独立自主	5
八月	5
永久	5
警察	5
亲密	5
确切	5
忠实	5
供	5
节约	5
债务	5
东山	5
发布	5
漫长	5
全方位	5
争论	5
嫌疑人	5
基于	5
共享	5
深厚	5
罪	5
可望	5
调动	5
公安部	5
朱总理	5
通货	5
源头	5
研究所	5
理性	5
愉快	5
开端	5
四日	5
巨额	5
纯	5
争议	5
老百姓	5
发动	5
前来	5
定期	5
歪理邪说	5
法定	5
陷入	5
司令部	5
黎巴嫩	5
节水	5
发扬光大	5
第七	5
打黑	5
少	5
基本上	5
防空兵	5
杨洁篪	5
剥削	5
秘密	5
前列	5
基金会	5
妄图	5
取缔	5
主办	5
曲折	5
个别	5
奥林匹克	4
失望	4
懂得	4
宗	4
梵蒂冈	4
反卫星	4
用人	4
企业界	4
洽谈会	4
资格	4
关切	4
忠于	4
示威者	4
回国	4
合格	4
大幅度	4
题目	4
卡里莫夫	4
岛内	4
多样	4
子	4
过渡	4
系	4
宴会	4
央行	4
正视	4
全力	4
动武	4
后期	4
扎扎实实	4
事态	4
梦想	4
基督教	4
作好	4
施罗德	4
对象	4
舰	4
综述	4
恶势力	4
倒退	4
擅自	4
清理	4
替	4
明报	4
学院	4
竟然	4
重重	4
分组	4
米	4
继	4
海	4
主动权	4
概念	4
朝着	4
总计	4
气候	4
政	4
前不久	4
外部	4
审判	4
认定	4
嘴	4
首席	4
挫折	4
正当	4
克罗地亚	4
西哈努克	4
确认	4
拭目以待	4
关怀	4
一九九八年	4
负责任	4
人为	4
反空袭	4
独	4
苏联	4
海洋	4
民警	4
二十九日	4
外债	4
信函	4
周明伟	4
追究	4
胜	4
在座	4
世代	4
取决于	4
流域	4
反击	4
作业	4
课堂	4
感受	4
1979	4
三军	4
地缘	4
严重性	4
道	4
大叔	4
滋事	4
股市	4
黑龙江省	4
平民	4
下旬	4
一九九五年	4
不然	4
份额	4
留给	4
雷达	4
直升机	4
威胁论	4
巴方	4
千方百计	4
人权会	4
外界	4
长治久安	4
土耳其	4
期刊	4
消费品	4
李少民	4
二十二日	4
载人	4
市政府	4
泄露	4
研究员	4
高速	4
一向	4
突飞猛进	4
投放	4
贫富	4
收	4
值	4
颗	4
韩朝	4
第五	4
现行	4
东方	4
光	4
热门	4
农场	4
规章	4
加上	4
着名	4
京都	4
的确	4
摩洛哥	4
主观	4
判决	4
国旗	4
实验	4
实战	4
商会	4
恐怖主义	4
配套	4
演变	4
翻开	4
外经贸部	4
心血	4
1994	4
曹刚川	4
十六日	4
管	4
历经	4
合并	4
紧迫性	4
聪明	4
极其	4
东南亚	4
自信	4
力求	4
打下	4
相撞	4
利率	4
真理	4
冲绳	4
发动机	4
后勤	4
举动	4
善于	4
俄国	4
上岗	4
丝毫	4
心态	4
边防	4
辆	4
二十三日	4
取代	4
谓	4
学术	4
新闻界	4
谨慎	4
开创	4
渐渐	4
私利	4
apec	4
增	4
肆意	4
箭	4
清华	4
心愿	4
不禁	4
气愤	4
法人	4
界	4
后者	4
压迫	4
多样性	4
称为	4
舞台	4
中宣部	4
身为	4
1992	4
现	4
办公厅	4
电视台	4
波兰	4
辞职	4
偶然	4
社	4
来之不易	4
义不容辞	4
文字	4
践踏	4
动作	4
生存权	4
被告人	4
机组	4
必由之路	4
开发区	4
久	4
徒刑	4
科学界	4
眼	4
隐含	4
划分	4
氛围	4
革新	4
兑现	4
观察员	4
迈出	4
策	4
记者会	4
未成年人	4
随意	4
遗留	4
灵活	4
当作	4
商机	4
卓有	4
发展史	4
治本	4
坏	4
天津	4
近邻	4
科学家	4
为止	4
封锁	4
藉	4
设置	4
不法	4
怀有	4
f	4
拉美	4
联勤	4
半数	4
西北	4
欢庆	4
民族主义	4
300	4
陈德良	4
例	4
攻关	4
推荐	4
之下	4
提醒	4
低于	4
真的	4
侦查	4
阿萨德	4
春节	4
聚集	4
副委员长	4
率	4
共和	4
列宁主义	4
特尼特	4
49	4
视野	4
作者	4
战士	4
转化	4
治安	4
洛杉矶	4
平台	4
抨击	4
支队	4
整顿	4
不得人心	4
借助	4
参谋长	4
角	4
人数	4
观察家	4
射击	4
提拔	4
减速	4
将军	4
公园	4
大厦	4
集会	4
施政	4
监狱	4
风云	4
满	4
互补性	4
算	4
劳工	4
炒作	4
油价	4
卫生	4
高雄市	4
水污染	4
代表们	4
注册	4
反面	4
下场	4
掌声	4
花园	4
界定	4
看望	4
牵涉	4
身体	4
隔	4
射程	4
来源	4
罪行	4
森喜朗	4
源	4
供给	4
助理	4
温室	4
签字	4
存亡	4
到访	4
十二月	4
倾向	4
交给	4
果断	4
许可	4
四川	4
山姆	4
航空母舰	4
动	4
同等	4
目睹	4
罪犯	4
罪恶	4
共产主义	4
在一起	4
致函	4
社论	4
平壤	4
齐抓共管	4
根本性	4
披露	4
600	4
并且	4
不幸	4
顺应	4
交易	4
戈尔	4
罚款	4
爆发	4
僵局	4
怀疑	4
趋	4
自强	4
记	4
愈来愈	4
荣誉	4
坦克	4
九二	4
中断	4
当务之急	4
研发	4
领导者	4
责任人	4
德才	4
谋划	4
今晚	4
有时	4
医学	4
缴纳	4
月份	4
校长	4
风俗	4
单边主义	4
一味	4
深感	4
检阅	4
降落	4
黎可漂	4
晚	4
众多	4
增发	4
自民党	4
眼光	4
发展权	4
据说	4
通航	4
尼	4
逮捕	4
鼓舞	4
总数	4
操作	4
练兵	4
煤炭	4
缅	4
和谐	4
下跌	4
自动	4
之内	4
往年	4
文本	4
众议院	4
递交	4
重演	4
考核	4
近海	4
偷渡	4
听到	4
伯杰	4
军火	4
下台	4
战备	4
跨	4
公认	4
更换	4
扶持	4
想要	4
推翻	4
按时	4
视	4
强力	4
酞大	4
婚姻	4
竟	4
炮	4
优质	4
年初	4
转业	4
储量	4
倾注	4
跨入	4
访日	4
烈火	4
狠	4
缺少	4
拟	4
缔造	4
塔	4
景气	4
试图	4
十八日	4
穆沙拉夫	4
产值	4
肩负	4
表彰	4
前程	4
登记	4
期盼	4
摧毁	4
兵	4
嚣张	4
长足	4
关系史	4
例如	4
歧视	4
融入	4
夜	4
挑衅	4
思潮	4
上去	4
总经理	4
正气	4
兑换	4
签证	4
决定性	4
通货膨胀	4
政务	4
海南岛	4
伪装	4
一九九六年	4
假如	4
轰炸机	4
回顾	4
风暴	4
意外	4
森林	4
爱好	4
繁重	4
指南	4
管理局	4
第五十七	4
赫尔姆斯	4
相处	4
贵国	4
穷国	4
出发点	4
不论	4
宣告	4
突袭	4
参院	4
立委	4
误解	4
事迹	4
无限	4
带入	4
安定	4
典范	4
共产党人	4
基石	4
致以	4
皆	4
监控	4
毕业生	4
苏丹	4
国歌	4
全新	4
广西	4
专讯	4
知情	4
近代	4
傅全有	4
别的	4
青睐	4
幸福	4
胡鞍钢	4
军转	4
中南海	4
词	4
股份	4
b	4
村	4
理事会	4
三十日	4
初级	4
凡是	4
暂行	4
荒谬	4
光辉	4
表决	4
非公有制	4
全心全意	4
不完全	4
篇章	4
表演	4
建造	4
日美	4
南京	4
兴衰	4
监察	4
凌晨	4
扩散	4
硝烟	4
武警	4
爆炸	4
雄辩	4
慎重	4
艰难	4
机密	4
劳模	4
弱点	4
小麦	4
6599	4
十六	4
1991	4
寻找	4
跑到	4
十五日	4
瞩目	4
安宁	4
检察院	4
人力	4
暂时	4
估计	4
当事人	4
头脑	4
到位	4
软	4
刻意	4
水利	4
经受	4
民调	4
人防	4
终将	4
凭借	4
得出	4
焦点	4
头	4
姓	4
指挥所	4
雄壮	4
度过	4
驻军	4
入主	4
影响力	4
最初	4
灾区	4
游说	4
扩张	4
忽略	4
麻烦	4
透明	4
素养	3
主线	3
残害	3
收益	3
条文	3
当初	3
同学	3
比赛	3
组合	3
八十年代	3
添	3
货物	3
港人	3
勤劳	3
声势	3
监督法	3
论调	3
心声	3
挽救	3
答案	3
新任	3
来自于	3
原理	3
违规	3
博士	3
撞	3
秋天	3
过于	3
副主任	3
李福祥	3
实兵	3
旅	3
中学	3
实在	3
延长	3
95	3
主力	3
一九九七年	3
超越	3
不正之风	3
层面	3
李铁映	3
本文	3
因而	3
入境	3
水面	3
害怕	3
连任	3
党纪	3
动态	3
十多	3
区域性	3
归纳	3
人生	3
钻石	3
1988	3
出租	3
消灭	3
认清	3
纪念碑	3
提名	3
指数	3
说成	3
强势	3
征收	3
磨难	3
大好	3
善良	3
中去	3
裁减	3
做为	3
大概	3
威武	3
教材	3
进攻	3
见到	3
制订	3
台湾人	3
停火	3
灿烂	3
攻坚	3
曾培炎	3
活生生	3
便捷	3
剥夺	3
省长	3
展望	3
涉案	3
或许	3
缴	3
关联	3
1993	3
不利于	3
大肆	3
称号	3
千年	3
文艺	3
然后	3
抬头	3
特性	3
阿根廷	3
六国	3
家园	3
面目	3
责任感	3
面	3
选用	3
色彩	3
空间站	3
预测	3
包装	3
献身	3
车辆	3
纠纷	3
盛大	3
机	3
民	3
客人们	3
扭曲	3
电子战	3
就此	3
神盾	3
占有	3
交织	3
内战	3
广告	3
蔬菜	3
穆巴拉克	3
互补	3
零售	3
播出	3
用心	3
片面	3
闹事	3
蒋正华	3
二00一年	3
唐	3
匈牙利	3
1000	3
沦为	3
宣示	3
增值	3
下月	3
残忍	3
专用	3
论断	3
赵启正	3
病	3
军界	3
载体	3
固然	3
争夺	3
东北	3
论证	3
珍惜	3
贾志杰	3
内在	3
台湾牌	3
工商联	3
滞后	3
获益	3
抛弃	3
邦交	3
合适	3
多亿	3
感染	3
山西	3
波罗的海	3
颁布	3
唆使	3
大都	3
截至	3
拉大	3
出境	3
航空	3
富	3
独资	3
传达	3
实地	3
九九年	3
真相	3
不时	3
谈及	3
河野洋平	3
援朝	3
办公	3
热爱	3
尤为	3
勉励	3
虚	3
沉重	3
步入	3
单极	3
tmd	3
功能	3
引渡	3
古	3
四川省	3
父亲	3
立足于	3
示范	3
指挥员	3
混业	3
悉尼	3
过境	3
党风	3
年轻人	3
投身	3
祗是	3
儿女	3
送	3
士兵	3
观其行	3
意在	3
奇迹	3
依赖性	3
新增	3
地盘	3
阿卡耶夫	3
意	3
红	3
约定	3
胡	3
大为	3
凝聚	3
军魂	3
抵	3
介入	3
教学	3
以便	3
外汇	3
倍感	3
覆盖	3
火炮	3
阐明	3
艰辛	3
气象	3
金	3
设	3
境界	3
立刻	3
高达	3
更大	3
台胞	3
记忆犹新	3
探测器	3
此时	3
交谈	3
债	3
暗示	3
腾飞	3
湖南	3
姜春云	3
交接	3
义愤填膺	3
65	3
和尚	3
承前启后	3
蓝军	3
本期	3
十八	3
亿万	3
法理	3
幅度	3
骗取	3
困扰	3
傅铁山	3
揭示	3
场合	3
直辖市	3
重复	3
趋向	3
死刑	3
威慑	3
附近	3
提交	3
分化	3
减产	3
车臣	3
归还	3
围堵	3
奏响	3
想法	3
仇恨	3
后代	3
知名	3
出口额	3
唱	3
局长	3
处在	3
劳动者	3
强有力	3
慰问	3
兴起	3
箱	3
日子	3
特殊性	3
到头来	3
千万	3
式	3
中青年	3
地步	3
说服	3
越共	3
管理者	3
造就	3
传	3
土壤	3
留学	3
人家	3
边疆	3
帝国	3
权限	3
斯里兰卡	3
国事	3
嘛	3
深情	3
象牙	3
恶	3
缔约	3
远华	3
例外	3
三分之二	3
震动	3
热	3
第二十一	3
钢铁	3
那个	3
生效	3
胡长清	3
故	3
吉尔吉斯斯坦	3
顺序	3
赠送	3
壮大	3
巴尔干	3
转折	3
维系	3
列宁	3
开庭	3
所得税	3
员工	3
撤销	3
贾庆林	3
推迟	3
活	3
流亡	3
枢纽	3
双向	3
第十一	3
群体	3
证监会	3
际	3
改	3
越战	3
物价	3
泄密	3
唯物主义	3
配备	3
短短	3
第二十二	3
征税	3
多万	3
汪道涵	3
区别	3
地域	3
承包	3
兵种	3
克	3
煽动	3
调解	3
准绳	3
种植	3
牌	3
武	3
少年	3
日元	3
所作所为	3
网民	3
王在希	3
口号	3
会同	3
演兵	3
废止	3
笔者	3
日程	3
未成年	3
幌子	3
揭露	3
漏洞	3
十一	3
放心	3
增至	3
原本	3
长官	3
着陆	3
冰岛	3
解开	3
组	3
事例	3
认知	3
激光	3
买	3
暗中	3
集	3
愈演愈烈	3
出国	3
减弱	3
今	3
纲领性	3
涨	3
年均	3
气	3
祗要	3
驾驭	3
抑制	3
鲍尔	3
2500	3
炸	3
迷惑	3
奥运	3
中间	3
1970	3
起伏	3
展示	3
十二	3
谈起	3
云南	3
被捕	3
化学	3
实质上	3
在场	3
寄予	3
发问	3
提起	3
叫	3
曲	3
刻	3
愤怒	3
叶震	3
东海	3
正好	3
责任制	3
英雄	3
地震	3
力争	3
扰乱	3
淡化	3
遗产	3
中纪委	3
病人	3
纸	3
内外	3
散去	3
随同	3
过分	3
委托人	3
泰方	3
秋季	3
乌兹别克斯坦	3
忠诚	3
饭店	3
蛮横	3
更迭	3
出生	3
有期	3
驱使	3
定局	3
路子	3
不到	3
惩处	3
周永康	3
巡逻	3
成分	3
里面	3
基辛格	3
敌	3
级别	3
征求	3
延续	3
方便	3
中介	3
无权	3
优越	3
地点	3
悄然	3
马列主义	3
二00五年	3
唐飞	3
充当	3
肯	3
纳	3
财团	3
回访	3
继往	3
迫害	3
防治法	3
先期	3
打交道	3
深表	3
荷兰	3
微妙	3
扁	3
制胜	3
深切	3
库区	3
一九九一年	3
军工	3
书	3
约束	3
江苏	3
泅渡	3
传出	3
等等	3
端倪	3
勇敢	3
地图	3
生	3
强国	3
核查	3
丁关根	3
平稳	3
违背	3
老人	3
局	3
敌对	3
兴建	3
石	3
愈加	3
并存	3
秘书长	3
成行	3
党建	3
一日	3
保守	3
科恩	3
适合	3
五十多	3
打假	3
查获	3
困境	3
部份	3
如期	3
前者	3
辽宁	3
无辜	3
增幅	3
分部	3
专访	3
获悉	3
修宪	3
863	3
财政部	3
顾	3
阿尔及利亚	3
激起	3
虚假	3
最为	3
名列	3
兼备	3
坦诚	3
飞到	3
习惯	3
理念	3
之初	3
深度	3
探测	3
王牌	3
保险业	3
盛会	3
牺牲品	3
许可证	3
星	3
帝国主义	3
放过	3
数字化	3
干出	3
对应	3
招生	3
转换	3
李文和	3
其二	3
重建	3
被迫	3
中德	3
某国	3
接着	3
核实	3
天然气	3
章	3
占领	3
强盛	3
小渊	3
黄	3
泡沫	3
会长	3
试射	3
建党	3
要点	3
可耻	3
抗美	3
抓紧	3
中文	3
远见	3
杀伤	3
伊斯兰	3
临时	3
社评	3
效能	3
转机	3
看清	3
正统	3
开局	3
葡	3
搜救	3
稍后	3
气焰	3
语文	3
北南	3
第二十三	3
利	3
拉动	3
多元	3
憎恨	3
亩	3
陆续	3
只好	3
晚宴	3
优异	3
科学化	3
违犯	3
卖给	3
波普	3
五日	3
清单	3
中智	3
滋生	3
责无旁贷	3
背后	3
行列	3
人身	3
各种各样	3
应付	3
简要	3
激荡	3
开来	3
储备	3
晚上	3
骄傲	3
弊端	3
城	3
诉讼	3
瞬间	3
应邀	3
预定	3
机械	3
开采	3
内资	3
进取	3
福祉	3
总的	3
生意	3
迈向	3
乘	3
无从	3
郭金龙	3
储蓄	3
自立	3
否决	3
人造	3
留	3
保险金	3
流失	3
生物	3
假冒	3
耕地	3
亿多	3
济南	3
渡海	3
语言	3
对峙	3
税款	3
致富	3
迈进	3
劳动党	3
军民	3
务必	3
低廉	3
联席	3
自治法	3
仪仗队	3
伊万诺夫	3
警觉	3
金钱	3
外事	3
一九九四年	3
比如	3
各民主	3
屡	3
危及	3
第六	3
蔓延	3
注入	3
走势	3
邮报	3
准确	3
赖斯	3
锁定	3
历	3
撤回	3
稳固	3
命	3
记者们	3
农民工	3
篇幅	3
以免	3
废除	3
包含	3
宁夏	3
调度	3
网吧	3
保护伞	3
挑起	3
着眼	3
反响	3
作法	3
十三日	3
上网	3
十七	3
霍尔布鲁克	3
核威慑	3
变动	3
政客	3
改组	3
亲属	3
崭新	3
致电	3
湖南省	3
考试	3
炸药	3
污水	3
吧	3
同步	3
华夏	3
装	3
乌干达	3
候选人	3
自治	3
残酷	3
志愿军	3
耗资	3
彩电	3
四处	3
观光	3
巴希尔	3
和睦	3
因应	3
样子	3
岛屿	3
自从	3
打掉	3
六十	3
引诱	3
行情	3
押	3
跟踪	3
治	3
作家	3
强行	3
辩护	3
搬迁	3
先锋队	3
魅力	3
略	3
善	3
一刻	3
可是	3
管理法	3
急于	3
万亿	3
增速	3
gdp	3
政体	3
救	3
丰硕	3
在此之前	3
黑手党	3
度假	3
毕业	3
主政	3
拥军	3
政制	3
取向	3
传来	3
校外	3
纽带	3
消费者	3
妈妈	3
上演	3
壁垒	3
酞平	3
短缺	3
横加	3
飞跃	3
欺骗	3
民主党人	3
招致	3
纳税	3
开启	3
地质	3
泉州	3
业已	3
联署	3
拉萨	3
尽早	3
政坛	3
谋	3
凭证	3
标语	3
风格	3
抱怨	3
形容	3
搁置	3
疏导	3
等到	3
何方	3
单一	3
吉林省	3
机动	3
成都	3
敌视	3
副总统	3
美好	3
一时	3
股权	3
选	3
掉	3
歌曲	3
布赫	3
集成	3
关照	3
销售	3
编辑	3
爱国者	3
十几	3
实事	3
苦	3
素	3
红军	3
想到	3
55	3
重组	3
低空	3
照	3
政策性	3
房地产	3
朝夕	3
城镇化	3
代理人	3
管制	3
恪守	3
生动	3
颇为	3
伦敦	3
中意	3
航空兵	3
走私案	3
运转	3
余	3
南联盟	3
复杂化	3
眼泪	3
记下	3
迹象	3
日后	3
人机	3
感觉	3
司令	3
不同于	3
生前	3
落	3
院所	3
生产者	3
铲除	3
审视	3
设有	3
忧虑	3
美洲	3
集团军	3
加工	3
呼声	3
授权	3
编队	3
阿塞拜疆	3
42	3
午宴	3
杭州	3
崛起	3
说到底	3
扩展	3
惜	3
党制	3
花圈	3
滥	3
刘	3
终止	3
会面	3
诸	3
师	3
再生	3
声浪	3
伙	3
直航	3
离境	3
本领	3
大小	3
以前	3
诸如	3
贬值	3
依托	3
殖民	3
猖獗	3
骗	3
何处	2
构思	2
增收	2
全天候	2
也就是说	2
位于	2
马祖	2
陆航	2
强迫	2
余克礼	2
韩文藻	2
合影	2
断然	2
格外	2
初生	2
辞退	2
驻地	2
李长春	2
总和	2
民航	2
选出	2
避开	2
空前	2
伊始	2
高昂	2
煤	2
顶	2
次于	2
说出	2
批示	2
时许	2
夫妇	2
全国性	2
中国海	2
实业	2
乔木	2
开工	2
党章	2
国策	2
省份	2
含量	2
表	2
到处	2
卫士	2
750	2
留念	2
德治国	2
发射架	2
减债	2
董事长	2
源泉	2
命名	2
成交	2
重于	2
与此同时	2
关键性	2
白色	2
杨	2
九七年	2
挟洋自重	2
国籍	2
问到	2
炮声	2
百分之九	2
预报	2
吸取	2
张宏喜	2
劳务	2
南下	2
百姓	2
寄托	2
侵害	2
数百	2
员	2
诞辰	2
名单	2
个体	2
时间表	2
虞	2
纪实	2
奉命	2
时有	2
电台	2
欧元	2
亲身	2
装置	2
干脆	2
种族	2
败类	2
专心	2
其害	2
周恩来	2
敢于	2
韩方	2
王旭东	2
白南舜	2
最好	2
1978	2
曹庆泽	2
落到	2
肖扬	2
救援	2
责任心	2
堵塞	2
五百亿	2
王毅	2
方法论	2
军兵种	2
抵抗	2
仔细	2
修复	2
雪域	2
敌意	2
风浪	2
换言之	2
生路	2
黄国雄	2
文物	2
演示	2
副国务卿	2
条款	2
还价	2
江河	2
纪检	2
劣势	2
s	2
不可磨灭	2
六日	2
徐匡迪	2
史	2
兼施	2
元旦	2
代代相传	2
讨价	2
疲软	2
方略	2
中资	2
门	2
选准	2
失误	2
巴拿马	2
后面	2
北美	2
别有用心	2
堕落	2
答覆	2
斯特凡诺普洛斯	2
就座	2
大于	2
推进器	2
事端	2
派系	2
山川	2
汪恕诚	2
预备役	2
文莱	2
九十	2
常设	2
自卫	2
情谊	2
楚树龙	2
进出口	2
停滞	2
土库曼斯坦	2
坐视	2
投案	2
反潜机	2
估量	2
着想	2
积力	2
制造商	2
编成	2
划时代	2
洪涝	2
更上一层楼	2
不可告人	2
忧患意识	2
减	2
传递	2
后备	2
归功于	2
弄虚	2
社团	2
踏实	2
最早	2
相近	2
招待	2
迫降	2
原有	2
幼儿园	2
周末	2
厦华	2
咄咄逼人	2
驻俄	2
元帅	2
逼供	2
服从	2
下载	2
获奖	2
税目	2
顶峰	2
从政	2
升温	2
开学	2
停	2
会员国	2
审慎	2
邪教徒	2
情形	2
入伍	2
佛教	2
班	2
市委	2
温饱	2
出资	2
十二日	2
显	2
信徒	2
警备区	2
洪森	2
五千	2
减到	2
食盐	2
结算	2
例行	2
感动	2
门前	2
宫城	2
赖以	2
滩头	2
08	2
自主权	2
刑罚	2
接任	2
菲	2
尽量	2
追随	2
1960	2
功绩	2
王乐毅	2
终端	2
收税	2
去世	2
弹	2
湖北省	2
装甲	2
贯穿	2
收效	2
历时	2
土豆	2
之士	2
p	2
马克思主义者	2
获准	2
救捞局	2
增长期	2
找出	2
铺开	2
澜沧江	2
艾买提	2
退市	2
上将	2
噤若寒蝉	2
政要	2
空调	2
先入	2
天军	2
开会	2
会计法	2
对照	2
真空	2
游览	2
联大	2
力学	2
余额	2
阶层	2
无比	2
机械化	2
放缓	2
统帅	2
立案	2
研究班	2
矿工	2
海岸	2
指定	2
专利法	2
出版署	2
出笼	2
日新月异	2
搜索	2
电讯	2
基督	2
症结	2
非国有	2
饿	2
鲅鱼圈	2
脆弱	2
河	2
热那亚	2
伏笔	2
以防	2
核潜艇	2
建设者	2
●本	2
何在	2
澳大利亚	2
野战化	2
拉合尔	2
抗击	2
光纤	2
刘京	2
关上	2
写信	2
不已	2
中毒	2
十四日	2
估价	2
细化	2
同伙	2
历次	2
摆到	2
76	2
日渐	2
暴利	2
克雷蒂安	2
提议	2
融合	2
监事会	2
刚	2
赫普图拉	2
里约	2
依赖于	2
评比	2
41	2
安装	2
免税	2
单方面	2
吴基传	2
县长	2
计	2
我方	2
认可	2
待机	2
全力以赴	2
江西	2
一声令下	2
广州市	2
切忌	2
反思	2
谬论	2
美联储	2
阿米蒂奇	2
汉城	2
钥匙	2
老乡	2
批发	2
讨好	2
重振	2
开设	2
制衡	2
一九八零年	2
雄厚	2
96	2
识别	2
浙江省	2
菜	2
降	2
流氓	2
实弹	2
讯息	2
商界	2
一流	2
频频	2
后院	2
日朝	2
壮举	2
司马义	2
巧妙	2
精兵	2
非战	2
焕发	2
不可或缺	2
逃生	2
抗拒	2
昭然若揭	2
转股	2
波音	2
致信	2
运到	2
阿达米	2
智中	2
崇尚	2
闭幕	2
覆辙	2
三日	2
大海	2
嘴脸	2
迅猛	2
情节	2
改为	2
风气	2
赔偿	2
与时俱进	2
在野党	2
截止	2
井	2
补偿费	2
规避	2
全球祗	2
优美	2
国体	2
不错	2
容忍	2
事务所	2
勘察	2
达瓦买提	2
创建	2
两栖	2
事发	2
块	2
篡改	2
窗口	2
私下	2
锨开	2
长度	2
较量	2
联通	2
一度	2
年龄	2
选民	2
心理学	2
创下	2
手脚	2
十余	2
省级	2
置信	2
伸出	2
实控线	2
过上	2
晚年	2
揭开	2
软弱	2
教会	2
飞毛腿	2
应急	2
有识	2
台风	2
强弱	2
谋取	2
伤	2
联络	2
金牌	2
众议员	2
过早	2
庆典	2
抢	2
厚爱	2
纠风	2
圆木	2
表面	2
动物	2
阻止	2
监理	2
汇	2
有组织	2
执行官	2
隐藏	2
各司其职	2
亟	2
中阿	2
何时	2
幽灵	2
集体主义	2
人群	2
公决	2
房间	2
赤裸裸	2
国庆	2
宽恕	2
受伤	2
罕见	2
市容	2
右	2
安全法	2
野战	2
难怪	2
普雷斯科特	2
掩护	2
常常	2
女性	2
严明	2
器材	2
成败	2
然	2
十分之一	2
性地	2
迫	2
康母	2
副院长	2
1990	2
阿扁	2
2002	2
及其	2
述评	2
带头	2
不败之地	2
召集	2
中期	2
研究会	2
外出	2
个个	2
崩溃	2
华府	2
作恶多端	2
机上	2
浓厚	2
经济型	2
东西部	2
官兵们	2
少先队	2
悲痛	2
支撑	2
分界线	2
横幅	2
博尔基亚	2
实时	2
亲手	2
党支部	2
护卫舰	2
规格	2
天天	2
李	2
五点	2
直播	2
怎么样	2
63	2
七成	2
倒置	2
沉默	2
政治化	2
丑恶	2
33	2
统筹	2
3500	2
ep	2
祗有	2
坚守	2
辛格	2
墨	2
马英九	2
汲取	2
金顶	2
火力	2
细则	2
节流	2
着力	2
铸	2
悼念	2
疯狂	2
幻影式	2
南南合作	2
野中广务	2
实实在在	2
联结	2
省部级	2
清算	2
旱情	2
黄埔	2
摸	2
依次	2
杰福兹	2
国统会	2
部件	2
架构	2
财力	2
三分之一	2
党组	2
曲格平	2
吓	2
理事	2
河北	2
痛苦	2
特派	2
收取	2
五角大楼	2
1985	2
酞阳	2
三千多	2
预期	2
忙	2
目光	2
融资	2
天基	2
卖	2
千秋	2
工厂	2
开阔	2
01	2
批驳	2
恨	2
区域化	2
工会法	2
建成	2
根源	2
尸体	2
轻而易举	2
无情	2
哭	2
维亚	2
席	2
流动	2
可靠	2
人命	2
诱	2
战舰	2
3000	2
口	2
极端主义	2
矿井	2
流亡者	2
制品	2
增信	2
市场化	2
宋健	2
印刷业	2
模型	2
列车	2
获取	2
社区	2
家属	2
掩盖	2
姬胜德	2
辞去	2
埋	2
决战	2
活剧	2
安危	2
紧要	2
利润	2
潜逃	2
声讨	2
营业	2
永	2
毒贩	2
中通社	2
报名	2
反射	2
彭	2
回忆	2
进而	2
统管	2
犯	2
称呼	2
任用	2
扭转	2
立党	2
富人	2
成功率	2
重心	2
十一日	2
收购	2
务求	2
任重道远	2
进藏	2
捣乱	2
引用	2
听听	2
无数	2
编组	2
塞	2
王建	2
跨海	2
单极化	2
拍照	2
幕僚	2
四点	2
精度	2
结下	2
隐患	2
犯下	2
库尔斯克	2
黑人	2
罢免案	2
断交	2
多变	2
如实	2
台办	2
纪录	2
专程	2
葡萄牙	2
含义	2
卡西亚诺夫	2
东山岛	2
二十七日	2
陈毅	2
2010	2
诬蔑	2
总领事	2
一律	2
预示	2
创办	2
印巴	2
限定	2
抗旱	2
尼克松	2
巨人	2
被害人	2
踏上	2
印刷	2
密不可分	2
镇压	2
驳	2
会员	2
姆贝基	2
在即	2
屹立	2
申明	2
附庸	2
希拉里	2
支配	2
感想	2
石化	2
青藏	2
评述	2
啦	2
省区	2
通常	2
400	2
恶劣	2
何必	2
挖掘	2
逐件	2
蓝图	2
街道	2
系数	2
塞浦路斯	2
稿件	2
敦睦	2
链条	2
留住	2
急欲	2
偏见	2
坎坷	2
700	2
农业部	2
使然	2
亲近	2
宙斯	2
证件	2
好好	2
自豪	2
稳	2
动荡	2
居然	2
气温	2
命题	2
43	2
老板	2
而已	2
捕捞	2
赵衍红	2
新西兰	2
灵魂	2
逼迫	2
德拉鲁阿	2
喜悦	2
李万燮	2
巡防	2
雷达站	2
拉开	2
王后	2
偏	2
不如	2
百余	2
孕育	2
作假	2
农户	2
组阁	2
关	2
双拥	2
片	2
百花齐放	2
心目	2
常识	2
热线	2
生死	2
漠视	2
灭绝	2
旁观者清	2
加州	2
现年	2
二十四	2
亲民党	2
修养	2
勘探	2
130	2
闹	2
哪里	2
转播	2
钟	2
使命感	2
声纳兵	2
害人	2
乔宗淮	2
司长	2
绿化	2
泰山	2
天地	2
1956	2
致辞	2
炸弹	2
嘉手纳	2
治沙法	2
150	2
发端	2
约束力	2
直白	2
请教	2
迎头	2
明文	2
秀美	2
死伤	2
纪委	2
高中	2
原子弹	2
轻易	2
留学生	2
来临	2
阿联酋	2
野心	2
地处	2
涉外	2
今次	2
特首	2
个性	2
何等	2
热心	2
共和党人	2
数学	2
排污	2
物资	2
名牌	2
大亏	2
背离	2
智力	2
层层	2
副总参谋长	2
读	2
夫妻	2
尖锐	2
打响	2
鼓动	2
吞吐量	2
利比亚	2
滩	2
管道	2
举世瞩目	2
航向	2
练习	2
沿	2
交通部	2
重担	2
提到	2
28	2
可喜	2
父子	2
分布	2
登上	2
保护区	2
化工	2
名裂	2
乌鲁木齐	2
北斗	2
摄影	2
服	2
拯救	2
贴息	2
主义	2
增量	2
轨迹	2
要害	2
纸箱	2
电路	2
神威	2
王玉顺	2
家人	2
业	2
敌方	2
格林斯潘	2
访谈	2
使出	2
悬而未决	2
反侦察	2
薄弱	2
维吾尔	2
三道四	2
气节	2
外迁	2
陆地	2
跨党派	2
巧合	2
铁木尔	2
权威性	2
二十二	2
开通	2
赖	2
颜面	2
破	2
兴旺	2
尊贵	2
同仇敌忾	2
参	2
贺电	2
庭审	2
战胜	2
岁月	2
赃款	2
火车头	2
香皂	2
暂	2
医科	2
卡多佐	2
李鸿禧	2
上级	2
多重	2
深知	2
上阵	2
怂恿	2
林	2
国际部	2
极致	2
陆委会	2
重开	2
完备	2
同处	2
阿拉斯加	2
耐人寻味	2
并肩	2
报章	2
下榻	2
姬鹏飞	2
噶玛巴	2
学位	2
造谣	2
大潮	2
67	2
实处	2
蒙得维的亚	2
经济部	2
禁毒	2
赏识	2
基里巴斯	2
宴请	2
单兵	2
维修	2
部长们	2
进攻性	2
萨格勒布	2
群岛	2
克制	2
105	2
经不起	2
迫在眉睫	2
释法	2
分支	2
利害	2
所有人	2
特定	2
十万	2
阴谋	2
发起	2
乘员	2
用尽	2
党性	2
1961	2
涉足	2
沈林	2
2008	2
空谈	2
日期	2
遭敌	2
英文	2
求真务实	2
贵	2
英勇	2
返回	2
盛典	2
承办	2
李氏	2
纺织品	2
情人	2
迷失	2
抑或	2
广东省	2
那时	2
偿债	2
水源	2
放慢	2
室	2
联谊会	2
信守	2
企业主	2
马其顿	2
屡屡	2
锨起	2
水域	2
而今	2
较大	2
吉	2
勾当	2
分离	2
为敌	2
边缘	2
2005	2
围攻	2
票据	2
国统纲领	2
自由化	2
比喻	2
一九五四年	2
公理	2
消散	2
日内瓦	2
战果	2
等待	2
追溯	2
china	2
信用证	2
保守党	2
起诉	2
影视	2
夏天	2
两百	2
毒害	2
医疗	2
痴迷	2
亲戚	2
均衡	2
捷报	2
所在地	2
脚	2
单项	2
猎物	2
运输	2
进驻	2
现今	2
民心	2
建	2
翟伟	2
澄清	2
分业	2
祗能	2
浪	2
通力合作	2
整改	2
立于	2
废水	2
占据	2
外表	2
主人	2
杜马	2
旨	2
热源	2
尽可能	2
林和立	2
打倒	2
中部	2
攻	2
驾驶	2
退休	2
突击	2
可想而知	2
土	2
辜	2
创	2
投	2
渐	2
论文	2
第三十一	2
原先	2
宣扬	2
午餐会	2
克敌	2
逃避	2
结晶	2
侵略者	2
电网	2
张君	2
过剩	2
镜头	2
告知	2
沉	2
变幻	2
诚心诚意	2
还林	2
自愿	2
净	2
丁	2
裁判	2
瞄准	2
不折不扣	2
用户	2
勇于	2
地厅级	2
特使	2
队员	2
难点	2
无私	2
迟迟	2
意图	2
敦促	2
布宜诺斯艾利斯	2
范登堡	2
精华	2
毕竟	2
何况	2
讨伐	2
大队	2
销毁	2
犹如	2
传教士	2
屏障	2
切	2
象征	2
询问	2
人文	2
彩门	2
形形色色	2
接班人	2
遣送	2
层出不穷	2
课程	2
会场	2
奖学金	2
海口市	2
选票	2
验收	2
反省	2
38	2
广度	2
年份	2
林晨柏	2
颁发	2
指挥车	2
新意	2
针对性	2
怀	2
用水	2
板门店	2
反舰	2
产权	2
定论	2
特有	2
丹麦	2
评论员	2
1986	2
叛乱	2
讲座	2
组委会	2
启用	2
群众性	2
冠冕堂皇	2
蒙古	2
哈瓦那	2
美台	2
湄公河	2
连队	2
巨款	2
西欧	2
无怪乎	2
亲眼	2
弟子	2
金门	2
下列	2
35	2
含糊	2
安全观	2
前沿	2
吴文英	2
五四	2
始于	2
坚定性	2
满腔	2
风度	2
抗	2
法宝	2
二十九	2
风采	2
专论	2
当中	2
栏目	2
后退	2
胜于	2
打私	2
盐	2
历年	2
为由	2
纳拉亚南	2
左	2
国投	2
望	2
abm	2
鲜血	2
责	2
终究	2
生命力	2
指挥部	2
意思	2
练功	2
社会党	2
田中真纪子	2
可取	2
拨	2
心思	2
监察部	2
卓越	2
陷于	2
盟友	2
德	2
工作日	2
政法	2
千载难逢	2
自首	2
汤	2
屠杀	2
讲究	2
无端	2
不当	2
相距	2
Ⅲ	2
聚众	2
势	2
72	2
党际	2
由来已久	2
有赖于	2
粉碎	2
希腊	2
需费	2
题词	2
文献	2
查明	2
要案	2
艺术家	2
缔结	2
革命性	2
三亚市	2
自绝	2
火车	2
巴卢耶夫斯基	2
自觉性	2
59	2
电影	2
入	2
瓷器	2
中东欧	2
起义	2
盾	2
不平等	2
经济学家	2
保存	2
合肥	2
答复	2
限于	2
致意	2
防沙	2
结构性	2
药品	2
般	2
蛇头	2
副团长	2
新民主主义	2
百亿	2
家门口	2
筹委会	2
供求	2
里根	2
南昌	2
释疑	2
生涯	2
切尼	2
大法	2
挪用	2
从严	2
备案	2
跳伞	2
灯	2
创造力	2
纽约州	2
李纪周	2
赶赴	2
税务	2
跑	2
人和	2
谢尔顿	2
沉痛	2
合乎	2
一带	2
作价	2
命中	2
老区	2
品质	2
工作会	2
码头	2
胡世祥	2
停建	2
保护费	2
照顾	2
演唱	2
吃惊	2
贪污	2
渲染	2
西奥	2
参访团	2
朱锋	2
普罗迪	2
一脉相承	2
坦率	2
弥补	2
机载	2
淹没	2
部下	2
外籍	2
功夫	2
恰恰	2
前线	2
连锁	2
据称	2
射线	2
往	2
翻	2
能许	2
折扣	2
有线	2
弱化	2
152	2
目击者	2
没收	2
王英凡	2
时光	2
韩杼滨	2
整整	2
肉类	2
精彩	2
朱琳	2
惯例	2
唾弃	2
油气	2
星座号	2
凌驾	2
完	2
政治部	2
丰富多彩	2
展	2
斯	2
退还	2
行贿	2
会议室	2
田凤山	2
驻扎	2
当即	2
投票率	2
骚乱	2
国峰会	2
徐孝慈	2
好评	2
名护市	2
青年人	2
称霸	2
朱丽兰	2
火焰	2
笃实	2
遥远	2
效力	2
准	2
定居	2
资本家	2
石原	2
英雄主义	2
始作俑者	2
推选	2
大专	2
分列式	2
党务	2
学	2
体会	2
千家万户	2
瞎话	2
为首	2
十足	2
足额	2
开办	2
经商	2
莫大	2
建国	2
振奋	2
致力	2
上面	2
本土	2
植根于	2
李汉东	2
负隅顽抗	2
好坏	2
实绩	2
忧	2
总装	2
势必	2
4000	2
升	2
热切	2
藏身	2
办案	2
充实率	2
代理	2
热控	2
养老金	2
王乐泉	2
列确	2
库存	2
阶段性	2
物	2
神父	2
二000	2
戏	2
款待	2
起立	2
树	2
放眼	2
队长	2
非官方	2
剂	2
布雷	2
二零零零年	2
拼命	2
备忘录	2
警报	2
集装箱	2
毛主席	2
苦难	2
上涨	2
查询	2
有意	2
炮制	2
天下	2
丢	2
异常	2
布鲁塞尔	2
5000	2
伊方	2
缺口	2
亚欧	2
根深	2
上班	2
物品	2
职权	2
1965	2
卷入	2
检查组	2
本身	2
逾	2
行政院	2
腐朽	2
法派	2
司	2
冰毒	2
烟草	2
退役	2
谱写	2
取信	2
削减	2
法制办	2
报告会	2
论据	2
国内外	2
园区	2
黑社会	2
饱受	2
首次	2
戒急用忍	2
和约	2
朝日	2
玩	2
满陇桂雨	2
处级	2
险恶	2
涌现	2
气概	2
演出	2
县处级	2
外高加索	2
周折	2
柯林顿	2
边远	2
忍	2
制止	2
立体	2
有识之士	2
捷克	2
李金华	2
人间	2
喜人	2
上校	2
保密	2
亏损面	2
处境	2
塞族	2
转到	2
棘手	2
书写	2
反邪教	2
喜马拉雅山	2
自救	2
觉悟	2
兑	2
洲际	2
预先	2
瑞典	2
贺劲松	2
渴望	2
英方	2
岛国	2
雄	2
兼	2
以外	2
陌生	2
简直	2
问及	2
对此	2
伍尔泽	2
看成	2
众智	2
立陶宛	2
东	2
举足轻重	2
王兆国	2
教育者	2
激化	2
国际化	2
生机	2
立方米	2
他国	2
棋子	2
远航	2
鲍彻	2
依赖	2
兴	2
激战	2
刑讯	2
操纵	2
早晚	2
行事	2
否定	2
变为	2
春季	2
执照	2
涉台	2
找准	2
编者	2
必不可少	2
金永南	2
身败	2
平措	2
萨塔尔	2
单纯	2
保守派	2
刚才	2
押解	2
区别于	2
特意	2
53	2
列入	2
征途	2
截然不同	2
民主主义	2
鬼话	2
经典	2
致命	2
特委会	2
罗	2
道教	2
第十四	2
良知	2
关押	2
过重	2
扶养	2
事后	2
变数	2
姐妹们	2
邦联	2
居于	2
中芬	2
资助	2
内心	2
受益者	2
倒董	2
谢列兹尼奥夫	2
实业界	2
斯特罗耶夫	2
蕴藏	2
紧缺	2
＋	2
学风	2
倍于	2
停车场	2
狂热	2
能量	2
伦德	2
议员们	2
强度	2
系统性	2
始终如一	2
可口可乐	2
城建	2
耻辱	2
国军	2
纷至沓来	2
王成家	2
单	2
补给	2
酞多	2
多米尼加	2
或者说	2
工程师	2
殷切	2
似	2
朱凤芝	2
便利	2
打算	2
派团	2
阵	2
高枕无忧	2
舰船	2
上空	2
穿	2
集资	2
聘请	2
淮河	2
宽	2
十三亿	2
连接	2
反动	2
黎明	2
雄师	2
浮动	2
雪上加霜	2
听任	2
洪水	2
戒心	2
全委会	2
决断	2
抵挡	2
品格	2
二十五	2
排	2
海陆空	2
页	2
稿	2
武汉	2
棉花	2
西气东输	2
动乱	2
空话	2
阮国琴	2
仪器	2
受阻	2
创作	2
出卖	2
毁	2
此访	2
战斗员	2
卑鄙	2
实践者	2
吴官正	2
刑警	2
南水北调	2
听证会	2
受托人	2
中情局	2
卡塔尔国	2
余地	2
无意	2
孩子	2
市政	2
阵营	2
降税	2
神经	2
作过	2
上报	2
起飞	2
中古	2
风景	2
马上	2
邪	2
塔利班	2
诽谤	2
东风	2
落得	2
金中	2
民国	2
主席台	2
枯竭	2
战云	2
进度	2
配股	2
回旋	2
感慨	2
饮用水	2
深圳市	2
破灭	2
壮丽	2
申诉	2
顺便	2
整肃	2
启迪	2
戴相龙	2
萨拉赫丁	2
纺织	2
借机	2
投向	2
观看	2
被告	2
爱护	2
排放	2
横向	2
施加	2
视听	2
自家	2
空缺	2
脱钩	2
旅居	2
飞船	2
发债	2
前年	2
邦联制	2
鸡肉	2
赞	2
矿	2
说服力	2
推到	2
高地	2
纵容	2
还草	2
现役	2
构建	2
汤普森	2
关系法	2
重庆市	2
即时	2
伪造	2
8400	2
筹建	2
文革	2
坚赞	2
得天独厚	2
纯洁性	2
韩美	2
激动	2
宇宙	2
代表人	2
同机	2
夏粮	2
新生	2
抹煞	2
波	2
老是	2
铸造	2
谣言	2
王忠禹	2
航线	2
专家们	2
钦佩	2
歉意	2
引人注目	2
执意	2
乐队	2
来看	2
1989	2
存	2
冒险	2
咱们	2
转型	2
涉嫌	2
马首是瞻	2
抢滩	2
天皇	2
下达	2
厉以宁	2
前身	2
跳	2
得主	2
整	2
杰出	2
好头	2
热忱	2
纪念馆	2
带领	2
从未	2
干什么	2
疏散	2
沉浸	2
哈塔米	2
归属	2
以至	2
二十一日	2
藏独	2
盲目	2
宇航员	2
自残	2
沿袭	2
超出	2
星期日	2
军校	2
走访	2
上旬	2
陈斌华	2
欧亚	2
睁着	2
收集	2
创伤	2
生产率	2
处以	2
来京	2
切断	2
干事长	2
军力	2
留有	2
鲁滨逊	2
营销	2
张铭清	2
拿	2
法庭	2
错	2
海口	2
奋发	2
紧紧	2
谢尔盖耶夫	2
分离主义	2
西雅图	2
搜集	2
六四	2
始	2
隐蔽	2
敏感性	2
极右	2
揭发	1
540	1
人心所向	1
李南淳	1
尽显	1
二十余	1
监事	1
疫苗	1
董秉印	1
吏治	1
挫伤	1
两百一十亿	1
宽宏	1
用足	1
北之丸	1
民兵	1
布思罗伊德	1
四千	1
远距	1
奥贝德	1
要员	1
一一七二	1
联军	1
无偿	1
多少力	1
黄河清	1
分门类	1
航道	1
害己	1
国庆日	1
独联体	1
报答	1
看见	1
烫手	1
炸药包	1
结社	1
写进	1
明天	1
空战	1
福利	1
坚持不懈	1
古代	1
热腾腾	1
旁听者	1
更正	1
盟邦	1
监督权	1
归根结底	1
建筑	1
政策会	1
斯洛文尼亚	1
重叠	1
诺言	1
蔡家福	1
3648	1
质优价廉	1
高峰会	1
数亿多	1
教室	1
报关	1
碧	1
专辑	1
出乎	1
收缴	1
事实上	1
百分之三点五	1
亚历山大	1
清晨	1
乌愿	1
理查德	1
调兵	1
戈尔诺	1
捏造	1
唱起	1
寄	1
苦劝	1
核准	1
墙子河	1
哥伦比亚	1
推力	1
同义词	1
九百	1
九十年代	1
c	1
污染者	1
礼仪	1
训练法	1
范国祥	1
庆阳	1
吊销	1
次子	1
增添	1
火舌	1
含毒	1
安德拉邦	1
一亿九千万	1
陷	1
副局级	1
往日	1
可乘之机	1
增额	1
北部	1
不到位	1
兵器	1
规矩	1
摔打	1
核战争	1
剩余	1
成才	1
大漠	1
注意力	1
内幕	1
fbi	1
征战	1
增大	1
汇聚	1
标杆	1
功效	1
产地	1
华商	1
地委	1
资讯	1
山河	1
帷幕	1
索研	1
组织者	1
留待	1
上列	1
井然	1
楚雄风	1
不言而喻	1
势在必行	1
嘱咐	1
顶用	1
统计局	1
病毒	1
乘机	1
谢	1
鄂州	1
屋内	1
坚忍不拔	1
好感	1
吸引力	1
王京	1
计算	1
机型	1
年级	1
刑期	1
景象	1
不管是	1
率舰	1
拆除	1
立足之地	1
归途	1
开放性	1
迷蒙	1
首长	1
运回	1
姐夫	1
火眼金睛	1
细胞	1
因受	1
朦胧	1
不切实际	1
渗出	1
俱全	1
质变	1
主意	1
楷模	1
华文	1
勘查	1
越权	1
雇佣	1
公	1
印度产	1
上文	1
男女	1
林村乡	1
遇难者	1
转交	1
徐升入	1
浑水	1
航运	1
粗暴	1
捧	1
王冶坪	1
奥地利	1
地段	1
⑻一月	1
苏志荣	1
石破天惊	1
向巴平措	1
先驱们	1
协调性	1
之流	1
喊	1
十三	1
随行	1
明星	1
高堂区	1
走到	1
恶战	1
存底	1
多时	1
弹机	1
李佳路	1
实体法	1
幕后戏	1
放光辉	1
查果拉	1
质量关	1
秀莲	1
一百	1
防化学	1
痛惜	1
随笔	1
潮水	1
自制	1
黄壁庄	1
魏	1
薄	1
访俄	1
龙	1
糊弄	1
欠款	1
罪证	1
长老	1
临	1
同于	1
有助	1
偃旗息鼓	1
建言	1
模拟战	1
抵制	1
县城	1
礼品	1
ait	1
在乎	1
压制	1
酞可悲	1
安全性	1
宋朝	1
122	1
亟待	1
重话	1
五百七十多	1
破除	1
彻头彻尾	1
祸国	1
到头	1
小布希	1
鉴别	1
大连市	1
约定俗成	1
张志芹	1
瘦小	1
中国化	1
发誓	1
孙炎彪	1
恰	1
主管们	1
年华	1
部位	1
昆明	1
很少	1
皇帝	1
兵学习	1
接受者	1
肩上	1
镇定	1
乱纪	1
劲旅	1
鼓劲	1
宣传网	1
天线	1
404	1
落网	1
第四十一	1
讨论会	1
满载	1
故居	1
11377	1
1981	1
大关	1
内贸	1
香港岛	1
等同	1
清查	1
凯洛	1
便于	1
远华案	1
西洋	1
携带	1
报价	1
棋盘	1
确凿	1
爬升	1
炒	1
张学良	1
喜气洋洋	1
挟	1
六分之一	1
不得已	1
冯	1
大范围	1
无可争辩	1
四分之三	1
迁徙	1
待业	1
数千万	1
喊声	1
好像	1
副总裁	1
从属	1
重蹈	1
原动力	1
隐性	1
宋庆龄	1
爱立信	1
举证	1
检视	1
加空	1
洗牌	1
急匆匆	1
银河	1
公害	1
吴伯雄	1
平直	1
纳税人	1
配送	1
闪耀	1
差劲	1
可奶	1
交付	1
投票者	1
老教师	1
胡乔木	1
举世	1
点名	1
鲜艳	1
一百零一万	1
争得	1
清政府	1
完工	1
赶出	1
相当于	1
跳槽	1
信阳市	1
问鼎	1
悬案	1
人所共知	1
天眼	1
便衣	1
阻滞	1
东中西部	1
望尘莫及	1
推行乡	1
管理层	1
延伸	1
驱动	1
收割	1
实则	1
舞蹈	1
水柱	1
外宣	1
转为	1
贾春旺	1
就绪	1
信息量	1
瓜分	1
指引	1
文化界	1
听后	1
压垮	1
陈希同	1
刻骨	1
笔意	1
合流	1
黑市	1
节日	1
同行	1
课	1
乌兹别克	1
血淋淋	1
●蔡汉银	1
46	1
许琳华	1
司马昭	1
站稳	1
宽容	1
五十一点四二万	1
伤透脑筋	1
炸馆	1
转折性	1
隐蔽性	1
补上	1
抛	1
四十三	1
赢家	1
大都市	1
毁坏	1
秀丽	1
宁	1
高级别	1
得意洋洋	1
责成	1
科学家们	1
冒	1
宜	1
干下去	1
旺	1
飞速	1
清风	1
相异	1
廿四日	1
调节税	1
可观	1
难于	1
云南省	1
抢救	1
傲慢	1
静	1
玩火	1
经营权	1
煤质	1
预案	1
九时半	1
披上	1
沿线	1
供述	1
算数	1
失利	1
盈利	1
通信权	1
失衡	1
低收入	1
sun	1
军种	1
皇国	1
吞噬	1
邮件	1
运气	1
举棋不定	1
超音速	1
恶浪	1
汉堡	1
⑻套	1
流派	1
纸上谈兵	1
彭山县	1
冶炼	1
多渠道	1
投票日	1
空余	1
张惠妹	1
金灿荣	1
用坚	1
白塔	1
漠不关心	1
县里	1
气冲霄汉	1
管理区	1
移至	1
在后	1
北大西洋	1
天文	1
濒海	1
利川市	1
人选	1
相称	1
称谓	1
教育家	1
不妥	1
造大	1
巨变	1
偶发	1
辈子	1
昨晨	1
用品	1
明独	1
突击群	1
蝗灾	1
防灾	1
搁浅	1
迷信	1
奋争	1
副司令员	1
大度	1
疏离	1
四通八达	1
女	1
训练史	1
逼死	1
住地	1
推论	1
买回	1
周长青	1
残骸	1
担负	1
着手	1
接收	1
克江	1
贸易部	1
战轰机	1
己方	1
用于	1
海天	1
万事俱备	1
读读	1
天水	1
117	1
土皇帝	1
惟	1
歌仔戏	1
旋律	1
否掉	1
一百多	1
零	1
立足	1
森严	1
深谋远虑	1
两万多	1
运动员	1
蓄意	1
戈壁	1
捎来	1
训练场	1
期望值	1
部级	1
前脚	1
一万零三百九十三	1
肢解	1
无党派	1
王志新	1
夜间	1
含税	1
云阳	1
肚子	1
教化	1
抗虫棉	1
五万	1
中将	1
向下	1
订立	1
13187	1
华中	1
绯闻案	1
合营者	1
四成七	1
阿尔及尔	1
中医	1
机收	1
任毓骏	1
保加利亚	1
南北方	1
外力	1
败坏	1
早该	1
问世	1
法纪	1
农发行	1
脊梁	1
董事局	1
欧方	1
落败	1
病情	1
过好	1
中流	1
坦克车组	1
北上	1
算是	1
污	1
封锁线	1
两千五百多	1
中层	1
越位	1
福清市	1
吴玉章	1
xoceco	1
涌水	1
氏	1
活佛	1
陈善庄	1
压	1
系于	1
资深	1
合情	1
聚酯薄膜	1
明知	1
辅助	1
责怪	1
专利权	1
64	1
碱化	1
召到	1
重逢	1
寒	1
孙东	1
之机	1
笔录	1
歌舞厅	1
给付	1
宝库	1
伤痕	1
潜舰	1
保重	1
缠足	1
案发	1
挂图	1
沈	1
第一百九十五	1
水合物	1
值班	1
花朵	1
献花	1
版图	1
奋发图强	1
旅日	1
江门	1
张文台	1
百分之百	1
黄双庆	1
强奸	1
证书	1
外地	1
希望于	1
家里	1
手心	1
造福于民	1
颠倒	1
机时	1
13075	1
治外法权	1
带去	1
战情	1
三栖	1
土地换	1
库珀	1
陆	1
教权	1
戏剧性	1
云云	1
罗豪才	1
娜	1
抗灾	1
建于	1
敌酞空	1
友邦	1
试用	1
变相	1
维新	1
人民军	1
干旱	1
民防局	1
专营	1
割断	1
吹响	1
陕西省	1
补钙	1
一千二百亿	1
朱增泉	1
加密	1
最高层	1
复谈	1
数千	1
十字路口	1
违宪	1
迁地	1
接轨	1
处决	1
德荷	1
电波	1
豪迈	1
聚酰亚胺	1
李诗佳	1
原判	1
环礁	1
肉	1
振荆	1
庞道沐	1
石兆彬	1
讲课	1
并举	1
上岸	1
水价	1
救助站	1
奏	1
比兰德拉	1
富于	1
力作	1
1800	1
阿拉伯海	1
战力	1
意向	1
名城	1
领主	1
中下旬	1
周光召	1
当人	1
无奈	1
陜西省	1
置之脑后	1
同源	1
挚爱	1
铺垫	1
李文明	1
钟坚	1
未知	1
赶到	1
操练	1
战无不胜	1
悠然	1
成品	1
防空团	1
移	1
教导	1
地税局	1
山凹	1
逮捕令	1
华文报	1
机动车	1
外向型	1
晚餐	1
罔顾	1
想象	1
凶器	1
李骥	1
纠风办	1
贩运	1
青鸟	1
阎村镇	1
安慰	1
戏弄	1
束	1
辽阔	1
赖昌星	1
台岛	1
包围圈	1
受灾	1
坐落	1
花生豆	1
抵京	1
谈吐	1
壮	1
冠心病	1
见识	1
对称性	1
钱皮	1
国际主义	1
国峰	1
差别	1
胎	1
中程	1
请来	1
初现	1
湖	1
赶紧	1
克里姆林宫	1
州	1
通畅	1
肥肉	1
接下来	1
温和	1
辩证法	1
辍	1
卡迪什	1
205	1
阿卜杜拉	1
外交官	1
无可置疑	1
租	1
女人	1
说一不二	1
昌都	1
起初	1
段落	1
低价	1
时延春	1
吴典蓉	1
五成三比二成九	1
地基	1
使者	1
调查局	1
常人	1
旧日	1
结余	1
中专	1
攻势	1
互用	1
日领馆	1
研究生	1
着实	1
版权司	1
廖	1
版面	1
不论是	1
增产	1
言和	1
好多	1
休闲	1
江西省委	1
养出	1
出炉	1
工地	1
覆盖率	1
手背	1
以方	1
案犯	1
计票	1
滥杀	1
扛运	1
惊惶	1
少征	1
着力于	1
如雷贯耳	1
详尽	1
工艺室	1
软硬	1
余威	1
汗水	1
环酞平洋	1
戴利	1
八一	1
哈达姆	1
至高无上	1
诱发	1
疫区	1
副主任委员	1
东扩	1
灭亡	1
徒然	1
就地	1
路面	1
单调	1
系统化	1
火灾	1
爱国会	1
顽固不化	1
糟	1
冒昧	1
言而无信	1
反潜	1
军部	1
暴行	1
地下水	1
照料	1
灯火通明	1
代表性	1
先前	1
参观团	1
系列多	1
疏通	1
酞低	1
十数亿	1
热地	1
暗独	1
政经	1
独裁	1
酞空站	1
罢	1
联合性	1
新华网	1
联网	1
副检察长	1
一九五一年	1
出版史	1
普选	1
扑灭	1
密码	1
医疗界	1
李南玲	1
沈阳	1
是役	1
眼下	1
评议	1
间接	1
打通	1
53h2	1
武器库	1
合营	1
凛然	1
李子彬	1
张峰	1
抢劫	1
香客们	1
讨还	1
牵引	1
莫及	1
非经营性	1
陵墓	1
雪	1
不足之处	1
攻击性	1
加具	1
防火墙	1
死者	1
干坏	1
选菜	1
航天城	1
安德鲁	1
窃听	1
扩军	1
昂贵	1
人非	1
制导	1
迟早	1
旷日持久	1
利弊	1
交情	1
求成	1
灭掉	1
吴志攀	1
对江	1
营建	1
击败	1
九十七	1
井水不犯河水	1
叮嘱	1
渡	1
交叉	1
战火	1
回族	1
采写	1
分步	1
证实	1
imf	1
注明者	1
五十亿	1
增势	1
安心	1
原则性	1
挤占	1
看中	1
心甘情愿	1
倒	1
名誉	1
敬献	1
商城	1
配系	1
居留权	1
高足	1
霍尔克里	1
州长	1
飞过	1
推上	1
摆在	1
保险费	1
遣将	1
团聚	1
嘹亮	1
可怕	1
周川	1
●当	1
六百九十二亿	1
妇女界	1
董维	1
mtcr	1
漳州	1
大举	1
潘演	1
二十二时	1
网通	1
升起	1
实录	1
入口	1
魔鬼	1
右宣	1
送去	1
库昌	1
两口子	1
主掌	1
③近	1
攻击机	1
更替	1
学历	1
巴斯夫	1
责权	1
管治	1
士气	1
粮仓	1
杀僇	1
形单	1
挥霍	1
歪诗	1
比起	1
独自	1
一事	1
异动	1
离岛	1
合理性	1
测验	1
偿还	1
水兵	1
定员	1
小罗	1
潮汕	1
防御性	1
穆斯林	1
58	1
举办权	1
rc	1
运量	1
议军会	1
值勤	1
配额	1
邵逸夫	1
强身	1
代表法	1
海军省	1
主	1
撰文	1
牵动	1
鲜为人知	1
时节	1
跺脚	1
后人	1
谜	1
彭明敏	1
无关	1
驳回	1
合众	1
童	1
参谋总长	1
沈伟光	1
脑汁	1
王缉思	1
挺进	1
道义	1
停顿	1
王化鹏	1
期内	1
争夺战	1
西非	1
扑面	1
牵制	1
重头戏	1
升迁	1
税制	1
两千多万	1
台港澳侨	1
成性	1
稳住阵脚	1
戴	1
生而	1
迸发	1
以身试法	1
笑话	1
酝酿	1
金华县	1
愚昧	1
桃园	1
食	1
佐证	1
专才	1
放射性	1
全额	1
养老	1
翌年	1
抽样	1
蝉联	1
价钱	1
范利平	1
昌盛	1
阻拦	1
有效性	1
主客观	1
涉华	1
惊心动魄	1
托词	1
西方式	1
津贴	1
卖方	1
破坏性	1
好比	1
南召县城	1
六千五百万	1
心底	1
近似	1
严守	1
国境线	1
纷繁	1
边防线	1
陈旧	1
驻智	1
嘉木样	1
中小学生	1
年轻型	1
安	1
映入	1
基点	1
透明化	1
造假	1
锦上添花	1
一百七十二	1
熊振南	1
挤垮	1
小学	1
许岩胜	1
其间	1
打起	1
一千三百亿	1
龃龉	1
版	1
美籍	1
堪称	1
缠结	1
探明	1
缅甸	1
即席	1
两百八十四亿	1
有感而发	1
杨玉坤	1
现金	1
紫光阁	1
低潮	1
肇源县	1
指针	1
许志功	1
为时过早	1
总参谋部	1
表白	1
地带	1
结婚	1
降到	1
婚前	1
阅历	1
动荡不安	1
杂税	1
批次	1
平安	1
不甘寂寞	1
四百亿	1
刚果	1
专栏	1
情势	1
军级	1
军身分	1
总的来说	1
钟声	1
梦	1
自荐	1
大肆鼓噪	1
二千六百多	1
戈兰	1
代表权	1
n	1
麻村	1
安保	1
有望	1
蒙骗	1
实有	1
侯捷	1
南部	1
经济界	1
1954	1
干扰仪	1
删除	1
气流	1
李宪章	1
大选日	1
配有	1
硬功夫	1
攻占	1
修建	1
巨舰	1
洞察	1
阳东县	1
叛军	1
一气	1
诗歌	1
六十九	1
登机	1
不对称	1
常理	1
原产国	1
整体性	1
递烟	1
台长	1
吊唁	1
日日奇	1
参议员们	1
扑城	1
互致	1
对内	1
犯罪案	1
不绝于耳	1
有史以来	1
无所不能	1
奥委会	1
价值论	1
青年节	1
专业队	1
打伞	1
边防连	1
着意	1
讳莫如深	1
天然	1
转告	1
圈套	1
落幕	1
中来	1
根植	1
李泽军	1
散离	1
台湾省	1
2一	1
扫黄打非	1
插话	1
体育界	1
经文	1
试探	1
熊光楷	1
梳理	1
谢佑卿	1
塔吉克	1
法律系	1
孤儿	1
尸臭	1
无可避免	1
选择权	1
闻一多颂	1
病历	1
骗子	1
百分之二十三点一	1
拉迪	1
举出	1
安东尼奥	1
伙同	1
息	1
战员	1
绝对值	1
二○○五年	1
查韦斯	1
热和	1
裕民	1
纠正案	1
非派	1
马虎	1
豪登省	1
空间战	1
广告业	1
牵扯	1
岗亭	1
法德	1
使领馆	1
摩擦	1
尖锐性	1
瞎搞	1
一目了然	1
心病	1
导向	1
搬	1
把守	1
烧荒	1
弄	1
合纵联横	1
深奥	1
哭肿	1
直面	1
用途	1
农入市	1
封	1
1877	1
欧委会	1
失业者	1
排名	1
成千上万	1
细调	1
冰冷	1
满足感	1
银行业	1
不欢而散	1
去职	1
流行	1
妙应寺	1
除非	1
姚辉	1
人团	1
摸索	1
公社化	1
少言寡语	1
外在	1
二月份	1
首饰	1
本土化	1
至极	1
疏于	1
列	1
股价	1
诚挚	1
拦截器	1
林木	1
泥石流	1
兼容	1
神国	1
归宿	1
雅加达	1
通话	1
行吗	1
原始	1
光缆	1
东西方	1
宽能谱	1
刘雁廉	1
濒临	1
省事	1
功德圆满	1
情报界	1
异端	1
小幅	1
相联	1
多发期	1
卖国	1
紧跟	1
有趣	1
聊天	1
党政军	1
佛像	1
进军号	1
参考	1
早晨	1
气体	1
贝尔	1
长久	1
一九三五年	1
牛奶	1
印度尼西尼	1
豫园	1
st	1
冷淡	1
逢	1
鸣	1
关厂	1
闲	1
田聪明	1
驱车	1
右转	1
大戏	1
停步	1
美苏	1
副厅长	1
爆炸声	1
礼遇	1
物权	1
遇难	1
零零散散	1
东城区	1
流出	1
雷达兵	1
暗合	1
益形	1
错失良机	1
进口国	1
成份	1
吴鹏	1
板条	1
购药	1
期限	1
开个	1
蜜月期	1
有损	1
加德满都	1
第十八	1
一体	1
采购费	1
停战	1
东渡	1
神长	1
申报	1
醴陵	1
第四十	1
主流派	1
佐利克	1
东引	1
桥本	1
风能	1
巴勒斯坦人	1
奇怪	1
于吉	1
棵	1
村民	1
避重就轻	1
五三年	1
民族观	1
新奇	1
粗	1
惯性式	1
欲望	1
鞋子	1
山上	1
许惠佑	1
苏南	1
叫嚷	1
坟墓	1
归来	1
金边	1
惊人	1
再就业	1
鹰	1
隆冬	1
大渡河连	1
秒	1
大雁	1
水下	1
好恶	1
考察船	1
看重	1
记忆	1
中枢	1
最新型	1
校	1
米尔扎	1
通用	1
张延杰	1
屏幕	1
力所能及	1
阻力	1
湖州	1
要胁	1
国安植基	1
巴解	1
阮富仲	1
一并	1
难产	1
大部份	1
汉文	1
抽	1
培训班	1
绿色	1
捕	1
悉心	1
宏观性	1
精髓	1
事前	1
蔺草席	1
需求量	1
密集型	1
牧民	1
渐进	1
接纳	1
参众	1
因特网业	1
售	1
反弹	1
联成一片	1
台大	1
参与权	1
搓搓	1
失控	1
铁道部	1
采访团	1
英里	1
新途	1
回乡	1
带头人	1
八百万	1
丰收	1
消	1
首选地	1
心生惶恐	1
瘫痪	1
外贸局	1
矿长	1
赌权	1
安永基	1
王永志	1
主产区	1
内怀	1
师团职	1
连江	1
临近	1
无力	1
独立党	1
人脉	1
试想	1
基督教会	1
中等	1
一边	1
再造	1
道冠	1
华为	1
第十二	1
脚镣	1
贿赂	1
④紧	1
美誉	1
声誉	1
评估团	1
庙	1
钟志坚	1
工程院	1
应于	1
救治	1
外访	1
冒出	1
逼真	1
变迁	1
七二七	1
真知灼见	1
隔年	1
sdi	1
底线	1
多半	1
引得	1
招	1
火上浇油	1
北海	1
亲	1
叫做	1
掩饰	1
纷赴	1
调查组	1
正版	1
法务部	1
有章可循	1
卸出	1
麦	1
迎面	1
单舰	1
燃烧	1
凳子	1
移师	1
孱弱	1
明定	1
阿尼哥	1
打住	1
挖空	1
兴致	1
实用化	1
特区报	1
扩充	1
当朝	1
无害	1
营	1
编委会	1
逝	1
蛊惑	1
十一万	1
兴办	1
河南省	1
福清	1
钱袋	1
打动	1
党中央	1
枪	1
246	1
翻印	1
输家	1
引渡法	1
七十六	1
拘捕	1
两三	1
来讲	1
装入	1
公事	1
诱惑	1
菲中	1
幻影	1
现实性	1
高院	1
过滤	1
改朝换代	1
实时性	1
大骂	1
技术性	1
虚夸	1
场面	1
天外	1
发言权	1
揭批	1
短视性	1
来得及	1
方城	1
养肥	1
高效率	1
四十五分	1
副局长	1
形神	1
驰名	1
文方	1
267	1
逃逸塔	1
洛斯阿拉莫斯	1
航商	1
大卫	1
一码事	1
不公	1
常轨	1
信用	1
统揽	1
同行们	1
甲	1
市区	1
同德拉鲁阿	1
半壁江山	1
预测性	1
村级	1
六十五亿六千多万	1
赔款	1
尹乃菁	1
辜负	1
个中	1
十四	1
送来	1
代办	1
感召力	1
驶入	1
殖民主义	1
两样	1
苏二十七	1
开天辟地	1
重访	1
劳动法	1
偶蹄	1
32	1
弥足	1
看车	1
复建	1
理睬	1
威望	1
火控	1
干线	1
驻军法	1
税	1
妥善率	1
数	1
坑道	1
砍	1
包	1
经社	1
作案	1
征服	1
做骚	1
金立群	1
干戈	1
调解人	1
布袋港	1
选举人票	1
朱华颖	1
回想	1
志哀	1
无理	1
脑体	1
后方	1
人格	1
气功	1
战役	1
变通	1
李剑阁	1
博	1
高潮	1
清	1
接入	1
二分之一多	1
竭	1
壳牌	1
5233	1
一九八九年	1
猜度	1
巨威	1
幼	1
新修	1
外宾	1
浇	1
修补	1
参战	1
早到晚	1
报派	1
赞誉	1
当日	1
生日	1
渥酞华	1
骑士	1
简易	1
车程	1
琉璃寺	1
640	1
旱灾	1
航舰	1
致胜	1
同属	1
国税	1
垃圾	1
禁	1
获利	1
雪线	1
地走	1
递增	1
选题	1
孙儿	1
沙林	1
浩大	1
锦囊妙计	1
至此	1
俱乐部	1
外敌	1
丝	1
燃油税	1
逃	1
威信	1
整燕山	1
得意	1
nt	1
1951	1
梁家辉	1
唐东成	1
外移	1
取胜	1
走牛	1
经社会	1
windows2000	1
准备金	1
披挂	1
如上	1
花季	1
高乐圣	1
谨向	1
章程	1
冷却	1
西侧	1
军事家	1
绕过	1
减刑	1
失踪	1
海协会	1
高邮	1
拉拢	1
后悔	1
工矿	1
4995	1
17600	1
格拉日	1
脑力	1
加盖	1
口才	1
多星	1
制药	1
治疗	1
年轻化	1
虞列贵	1
叔叔	1
和田	1
454	1
张目	1
测序	1
教友	1
某部	1
据实	1
渎职	1
清正廉洁	1
不乏	1
不顾	1
免职	1
妄加	1
祗会	1
霍尔果斯	1
农历	1
净利润	1
提及	1
总设计师	1
锲而不舍	1
奏古	1
上帝	1
拆毁	1
从中	1
下面	1
倾斜	1
常抓不懈	1
坚贞不屈	1
弘法	1
债务人	1
嫁祸于	1
统筹兼顾	1
线制	1
谢幕者	1
防犯	1
读书会	1
困苦	1
坎贝尔	1
做祟	1
博鳌	1
派兵	1
主轴	1
萧灼基	1
案例	1
师里	1
突发	1
耽误	1
告终	1
殆尽	1
得计	1
堂皇	1
俄式	1
适宜	1
挥洒自如	1
平	1
大刀阔斧	1
这时候	1
严谨	1
里手	1
危险性	1
美式	1
演	1
殴打	1
挣脱	1
强占	1
干吗	1
下属	1
弄清楚	1
白菜	1
呼多	1
电阻	1
倾轧	1
十三点八万	1
川藏线	1
核扩散	1
迎	1
立法院	1
创富	1
无所作为	1
公馆	1
毋庸置疑	1
前天	1
河北省	1
任人唯亲	1
部委	1
弱	1
述说	1
户籍	1
圣诞	1
最惠国	1
李来柱	1
骄人	1
系换	1
华南	1
哈尔滨市	1
创举	1
追悼	1
磨破	1
双城	1
驾驶员	1
惠国牌	1
反扑	1
退耕还湖	1
起程	1
陈虎	1
花岗岩	1
药店	1
街头	1
李干元	1
普及本	1
中级	1
限	1
梁植文	1
对垒	1
不见得	1
核动力	1
百分之三十六点二九	1
错综复杂	1
外空	1
里芝	1
体认	1
施工	1
倪少杰	1
变换	1
追踪	1
哈斯特尔特	1
九撞南墙	1
干部们	1
含	1
共管	1
顾金池	1
做起	1
贡献者	1
竣工	1
毒	1
韵致	1
苏方	1
海牙	1
有朝一日	1
上当	1
侦察兵	1
忘	1
四分之一强	1
寂寞	1
制服	1
闽西	1
随团	1
警力	1
担任省	1
外衣	1
自私性	1
大派	1
卓识	1
你家	1
人伦	1
有生	1
藉口	1
录音机	1
搏	1
正常值	1
决算	1
派驻	1
呆呆	1
绝大部分	1
为时	1
屏东	1
洪斌	1
霸权国	1
粗放型	1
归咎于	1
中联部	1
时空	1
丛正龙	1
abc	1
毛毛	1
好不容易	1
周天	1
油品	1
喀什市	1
断定	1
工农业	1
通邮	1
日志	1
陈全	1
句话	1
联谊	1
交回	1
星期	1
上上	1
长老会	1
手机	1
六点半	1
抓起	1
逾期	1
264	1
排队	1
规划法	1
综述性	1
八廓街	1
沸沸扬扬	1
塔里木河	1
制药厂	1
杀害	1
涂改	1
买卖	1
真意	1
愈合	1
相机	1
一千七百九十七亿	1
隆隆	1
面带	1
酋长国	1
花费	1
汉光	1
静观	1
吵吵	1
火拼	1
深加工	1
后劲	1
华美	1
偏下	1
若然	1
吴黎明	1
百分之三点三	1
用电	1
翻身	1
震慑	1
闯入	1
陛下	1
迈步	1
驾机	1
入情入理	1
僵化	1
浇地	1
定名	1
观礼台	1
赞颂	1
弹性	1
告	1
压住	1
扭头	1
新竹	1
骄子们	1
战伐	1
纷争	1
头等	1
联想	1
礼炮	1
追随者们	1
使节	1
客运站	1
拾阶	1
福州市	1
横	1
有幸	1
同业	1
兰茨贝格涅	1
神灵	1
abb	1
观光部	1
野林深处	1
技术股	1
分校	1
挨打	1
跃马扬鞭	1
思日病	1
指派	1
料到	1
如愿以偿	1
长征	1
长存	1
百日	1
醒来	1
清清	1
幸存	1
三维	1
百分之九十	1
念经	1
举债	1
普选票	1
奥运村	1
杨改清	1
壮歌	1
再接再厉	1
圣地亚哥	1
陈博志	1
飞越	1
因地制宜	1
加税	1
隔世	1
堤防	1
新年	1
抗御	1
微调	1
从容	1
殊	1
坪车	1
声势浩大	1
亲人	1
西安	1
劲样	1
开发式	1
收录	1
e	1
专机	1
井下	1
群	1
工伤	1
派出所	1
曼谷	1
收容	1
响声	1
陈政高	1
回响	1
收音机	1
团拜	1
轮训	1
姐妹	1
五百多	1
压下	1
就近	1
五十四	1
确是	1
战争狂们	1
盘查	1
做人	1
新人	1
入库	1
测算	1
付诸实践	1
抹灭	1
夏士莲	1
科技馆	1
团队	1
杜尚别	1
天国	1
学习江	1
响应	1
董石麟	1
治病	1
三八	1
立法会	1
残暴	1
师旅	1
消费类	1
于世	1
历史主义	1
简章	1
运输机	1
开仓	1
69	1
整件	1
仇佩芬	1
滕春燕	1
康赛	1
看守所	1
李荣	1
停靠	1
大放厥词	1
台南	1
重任在肩	1
消毒	1
公元	1
李显龙	1
供应商	1
欢聚一堂	1
例会	1
公益性	1
宋德福	1
社长	1
珠海	1
特困	1
门槛	1
订单	1
希拉克	1
门外	1
西南	1
赵梅庄	1
牟	1
促进会	1
药	1
锅	1
水利局	1
任期制	1
早报	1
监造	1
2020	1
呐喊	1
2015	1
样	1
天外天	1
海拔	1
枯树	1
抗美援朝	1
密谋	1
驶离	1
因特网	1
振振有辞	1
收回	1
无所适从	1
绳之以法	1
师父	1
内乱	1
奉陪	1
老王	1
抛开	1
尖刀	1
蒙蔽	1
贾教授	1
典故	1
武拒	1
相一致	1
国家化	1
毒化	1
汉族	1
扬巴	1
宾馆	1
海岛	1
脑后	1
尽出	1
王爱文	1
医治	1
打转	1
超限	1
基调	1
减幅	1
三千一百	1
二百七十二亿	1
外围	1
警惕性	1
问问	1
全局性	1
也许	1
电话会	1
二○○七年	1
沾	1
名词	1
小浪底	1
全长	1
村山富市	1
二战	1
回报	1
规限	1
入膛	1
切割	1
公益	1
副研究员	1
亮	1
支持率	1
农业界	1
皮鞋	1
下级	1
屋脊	1
旅行	1
条块	1
恍惚	1
升格	1
恩格斯语	1
照着	1
并称	1
故障	1
指挥网	1
遭遇	1
植皮	1
愿为	1
思维敏捷	1
船舶	1
成见	1
无独有偶	1
医务	1
赵景伦	1
看准	1
约翰松	1
稳健	1
典型性	1
开古庄村	1
经营性	1
强加	1
集火	1
纵观	1
领悟	1
片断	1
继阿利耶夫	1
以史为鉴	1
死心塌地	1
二零零一年	1
坦言	1
加码	1
着急	1
青海省	1
序列	1
力挽狂澜	1
感谢江	1
早点	1
水泥板	1
幸免	1
息息相关	1
孤立主义者	1
尼斯	1
约万诺维奇	1
奎格利	1
控辩	1
充裕	1
造访	1
驻桂	1
汽车业	1
邮电	1
捐款	1
平面	1
骗倒	1
亲笔信	1
审判长	1
审限	1
存有	1
派专人	1
产业化	1
万多	1
歼八	1
巴拉圭	1
奔流	1
审计署	1
检阅台	1
急剧	1
失和	1
矿灾	1
封杀	1
涵盖	1
比武	1
鲜活	1
场地	1
中选	1
病夫	1
漏征	1
枷锁	1
斯坦福	1
组长	1
2t	1
历任	1
有罪	1
有目共睹	1
对空	1
装定	1
更趋	1
忏悔	1
戚火	1
飞至亚酞	1
性格	1
曝光	1
施琅	1
试炼	1
次仁卓嘎	1
魔力	1
应约	1
小富即安	1
胁迫	1
华诞	1
沙阿斯	1
冯煦初	1
代代	1
灭火器	1
指使	1
承受力	1
私	1
停留	1
哈萨克斯坦	1
国台办	1
难关	1
中尼	1
威尔逊	1
田滏明	1
输血	1
博爱	1
军装备	1
中匈	1
79	1
卡莱尔	1
口头	1
塔河	1
直通车	1
昨晚	1
自始至终	1
高射机枪	1
置地	1
无知	1
出口量	1
办公桌	1
李登海	1
春小麦	1
得知	1
晴雨表	1
转发	1
分级	1
逃亡	1
金养健	1
主教团	1
失灵	1
东半	1
实为	1
附加	1
用意	1
各取所需	1
根植于	1
城楼	1
结合部	1
移植	1
令廿	1
冷水	1
容量	1
日军	1
工艺师	1
失业率	1
分行业	1
驻点	1
1946	1
措施法	1
率团	1
驻港	1
推给	1
谷底	1
超	1
古今	1
和事老	1
教育法	1
萨法日尼	1
辩解	1
王室	1
出书	1
170	1
物力	1
冬柴铁	1
金融业	1
温安洛	1
宋	1
叶利钦	1
新建	1
凝结	1
特里廷	1
架数	1
吃吃	1
上诉	1
翠山庄	1
长带	1
布特弗利卡	1
前移	1
拖	1
遗志	1
卫国	1
司机	1
开除	1
排开	1
收获	1
中老年人	1
茧丝绸	1
关进	1
科林	1
台军	1
拉宾	1
黄耀辉	1
烟草商	1
陈伟兰	1
序言	1
港商	1
大一点	1
倒酶	1
选派	1
马绍尔	1
暧昧	1
详细	1
理智	1
计画	1
书本	1
组织团	1
三百零九	1
了事	1
奋战	1
存续	1
闻到	1
后半夜	1
肥料费	1
联训	1
陈耀邦	1
追踪器	1
赵法箴	1
课题组	1
呲牙	1
澳门人	1
像样	1
积怨	1
探亲	1
使用者	1
不予	1
但未	1
自卫队	1
扣减	1
五十八	1
欺压	1
反法西斯	1
真心诚意	1
制造者	1
善自处	1
法西斯	1
欧佩克	1
清算组	1
媒本	1
为重	1
传出长	1
齐备	1
1400	1
村务	1
鬼子	1
阿罗约	1
祥和	1
良心	1
反独	1
驭手	1
支持者	1
玛丽	1
胡延新●	1
怎	1
饱经	1
默契	1
学士	1
和政	1
搭桥	1
埋下	1
保苗	1
斗志	1
项目区	1
小山	1
不是	1
盖	1
惟茂	1
马车	1
收复	1
菱角	1
三藩市	1
周到	1
摆上	1
分设	1
军火商	1
刘坚	1
诸如此类	1
卢晶	1
哈萨克	1
苦干	1
围观	1
补课	1
押注	1
索取	1
怒吼	1
扎农	1
小鹰	1
强制性	1
滑舌	1
飞往	1
呼兰	1
撕毁	1
││	1
哀鸣	1
贸易国	1
拉尼娜	1
甘	1
悟出	1
不信任	1
矿区	1
参议长	1
信任度	1
沙滩	1
通盘	1
好客	1
东欧	1
女孩	1
血债	1
相得益彰	1
专案	1
鹿泉市	1
主教	1
扶困	1
莫	1
944	1
倒挂	1
斯维拉诺维奇	1
展出	1
服务生	1
史观	1
退伍	1
服务社	1
转军	1
非西方	1
制毒	1
泊靠	1
即合	1
国运	1
习惯于	1
做官	1
伤者	1
食品类	1
接连	1
王国贤	1
墓前	1
马文瑞	1
国内法	1
阿加特	1
那日	1
泪水	1
读数	1
中后期	1
无线	1
商讨	1
拥塞	1
正相反	1
停刊	1
题名	1
隐形	1
德米雷尔	1
气息	1
西湖区	1
派定	1
贯穿于	1
抵赖	1
题材	1
研讨班	1
政绩	1
沉下	1
75700	1
歧见	1
制备	1
抗议书	1
呈	1
可贵	1
累累	1
人质	1
拨开	1
多彩	1
跻身	1
回过头来	1
造势	1
水上	1
英联邦	1
二胆	1
精简	1
陆战队	1
暨京台	1
祝酒词	1
联合报	1
加勒比海	1
着眼于	1
补征	1
自保	1
高温	1
一九八七年	1
仍旧	1
宙斯盾	1
财赤	1
地区性	1
舍得	1
建网	1
京义	1
黎家西	1
制空	1
催人	1
线程	1
中西合璧	1
风	1
适用性	1
抽点	1
李文和案	1
急忙	1
七十	1
觉陇村	1
偏大	1
诡辩	1
人生观	1
刘明山	1
克拉克	1
住进	1
犹酞	1
非对抗	1
上扬	1
刺探	1
逞	1
中正	1
青海	1
紧随	1
绩效	1
写字楼	1
一事无成	1
深为	1
徐家	1
入教	1
副市长	1
仿真	1
清洁	1
三千	1
适用于	1
莆田	1
相机而动	1
杂志	1
浪漫主义	1
排查	1
复关	1
美丽	1
北空	1
订下	1
250	1
有效期	1
转运	1
服务性	1
扑	1
脱愚	1
泥沼	1
斗智	1
人亡	1
领导权	1
榜样	1
方洁	1
感念	1
内蒙古	1
玉米	1
一千二百	1
先贤	1
桃子	1
劲	1
哭喊	1
公明党	1
防患于	1
会前	1
时称	1
驻防	1
不至于	1
军团	1
害死	1
赶走	1
繁殖	1
台安法	1
无锡	1
技巧	1
创意	1
至死	1
潜心	1
致死	1
身心	1
回忆录	1
力推	1
生灵	1
样样	1
制天权	1
账户	1
阎金久	1
吕某	1
评核	1
互派	1
水果	1
产	1
飞天	1
抚今	1
协议会	1
结祗	1
一介平民	1
数据库	1
灌	1
变暖	1
松绑	1
足球	1
主修	1
试问	1
超脱	1
早餐回	1
比索	1
作物	1
特	1
发射场	1
掠夺	1
百分之三十六点三	1
急需	1
勋章	1
冲锋	1
巨头	1
某团	1
受邀	1
国书	1
添购	1
自命	1
德治	1
安徽	1
泌阳县	1
保健	1
一帆风顺	1
长乐	1
量化	1
哥斯达黎加	1
片面性	1
布热津斯基	1
农牧区	1
伋取	1
侵蚀	1
小雪	1
时时处处	1
虐待	1
胜选	1
05	1
风声	1
广岛	1
教堂	1
软性	1
无理取闹	1
郑氏	1
弗雷泽	1
痛恨	1
后遗症	1
身手	1
大伤脑筋	1
官	1
贯彻江	1
面远	1
黄菊	1
墓地	1
分得	1
尊师	1
苦心孤诣	1
通气会	1
输于	1
三千万	1
酞可惜	1
二零零二年	1
六十多	1
壳	1
销售者	1
岛外	1
校区	1
怪胎	1
寺庙	1
膜	1
德国人	1
任凭	1
不民主	1
归功	1
寒气逼人	1
东线	1
安曼	1
美利坚	1
别墅	1
备份	1
根基	1
军装	1
经济学界	1
协作性	1
博大	1
许嘉璐	1
摇头丸	1
铤而走险	1
爱尔兰	1
评定	1
学会	1
法学院	1
同在	1
信教	1
无核区	1
总装备部	1
巷道	1
陈如娇	1
汽球	1
二十六日	1
乡亲	1
构架	1
邓力群	1
乌丘	1
原材料	1
出师	1
风情	1
直飞	1
核四	1
蒙受	1
交货	1
郭品	1
加权	1
目前智	1
日夜	1
毫不	1
分为	1
逆反	1
一点一八亿	1
奥尔特温	1
行政院长	1
片刻	1
孙松璞掌	1
怀念	1
审问	1
定为	1
1100	1
舰上	1
实干家	1
相抵	1
民管	1
马尔	1
镇江市	1
夺人	1
耗费	1
脱颖而出	1
矿石	1
等级制	1
北面	1
教条主义	1
遗弃	1
江山	1
冲出	1
手持式	1
免受	1
舍	1
吴传玖	1
敬奉	1
邻近	1
莫忘	1
关昭	1
总产	1
惊呼	1
叫嚣	1
越加	1
老兵	1
台军方	1
离子	1
点燃	1
李荣融	1
莱克	1
古交市	1
纳斯达克	1
找普	1
大半生	1
鱼叉	1
管好	1
百分之八	1
衰退	1
逞强	1
先例	1
试用期	1
一九四0	1
拍	1
互致问候	1
鲜	1
旅美	1
邯钢人	1
乐曲声	1
挂钩	1
恰好	1
测量	1
浦东	1
唯它	1
腹地	1
本末	1
授意	1
胜地	1
想像	1
新近	1
地面	1
任劳任怨	1
互联	1
最迟	1
垃圾栈	1
9三	1
补入	1
自立于	1
九三学社	1
明	1
220	1
同学们	1
吓倒	1
信箱	1
拗	1
先声	1
邻居	1
特约	1
四百五十亿	1
大群	1
公安厅	1
铿锵有力	1
概论	1
江措	1
戚三番五次	1
关爱	1
波及	1
观望	1
沙	1
自然人	1
新德里	1
职业化	1
河水	1
为准	1
扩增	1
机种	1
问道	1
妨害	1
灰	1
752	1
自称	1
信众	1
二○○○年	1
俄制	1
二十八	1
病愈	1
有待	1
人防办	1
分辨率	1
阎学通	1
久远	1
改称	1
遍体鳞伤	1
前面	1
车厢	1
学术界	1
古代史	1
碰	1
清除	1
措辞	1
勾画	1
刁钻	1
杨立宪	1
孤立	1
高峰	1
往下	1
共荣	1
九时	1
亲和力	1
喜	1
徐文贤	1
第四十四	1
超长期	1
郑州	1
恶性	1
人命价	1
债券	1
七四七	1
推进剂	1
控制力	1
游客	1
扩张性	1
解难	1
王永庆	1
数发	1
房山区	1
启示	1
宏大	1
卖出	1
公使	1
取暖	1
黎	1
慷慨	1
供出	1
现代级	1
封存	1
放开	1
代表处	1
相依	1
名利	1
羊册	1
六百三十一	1
松下	1
露面	1
首访	1
日俄	1
为名	1
拜谒	1
诺贝尔	1
克列巴诺夫	1
平级	1
笼罩	1
编写	1
二百七十八	1
夏收	1
提纲	1
柔性	1
帮	1
有所为	1
美巴	1
从天而降	1
灵活性	1
调和	1
普林斯顿	1
制裁圈	1
天主教界	1
饮料	1
擦肩	1
麻原	1
路程	1
带兵	1
搞成	1
阿尔韦托	1
吐	1
儆戒	1
旧有	1
差不多	1
道德观	1
屈服	1
花招	1
反科学	1
重任	1
压缩	1
教案	1
费	1
千代田区	1
受害者们	1
可控性	1
主干	1
起降	1
脸颊	1
用活	1
邓华	1
团里	1
赵毅敏	1
一百四十多	1
核试	1
垂直	1
大锅饭	1
苏	1
姜颖	1
主力军	1
反目	1
王朝	1
大体	1
鹰派	1
祗同	1
潘文凯	1
赞成票	1
转好	1
不足为奇	1
当事者迷	1
抵消	1
指称	1
避孕	1
坦承	1
成其为	1
美国化	1
买下	1
四百九十七亿	1
胡康生	1
东西酞	1
爱女	1
经历者	1
陶文钊	1
贫穷	1
有志	1
经办	1
杀人	1
中摩	1
偏偏	1
强加于	1
血液	1
生生不息	1
无畏	1
外需	1
不见	1
美国式	1
战和	1
致志	1
明仁	1
学教	1
旱作	1
走私罪	1
军分区	1
李保东	1
迪萨纳亚克	1
丰功	1
中美洲	1
陪审员	1
赫姆斯	1
花东	1
抵近	1
六七十	1
救捞	1
张掖	1
客气	1
疲惫	1
靳如超	1
落空	1
日据	1
摘	1
虚报	1
地域性	1
下半月	1
勇斗狠	1
圣人	1
监测	1
开幕式	1
西	1
集结	1
利炮	1
皇粮	1
铁	1
单向	1
资产额	1
手枪	1
丝绸	1
东城	1
空气	1
牟利	1
落水	1
长江	1
梅香里	1
还有	1
郑守增	1
配电	1
文告	1
见不得人	1
就餐	1
矿务局	1
说起	1
装潢	1
美化	1
胜任	1
权法	1
g8	1
沉醉于	1
辛丑	1
快助反	1
重灾区	1
刀	1
懂	1
超采	1
游刃有余	1
有点	1
乔晓阳	1
派购	1
粮棉油	1
连线	1
意欲	1
杨彪	1
枪决	1
封为	1
继承者	1
唱响	1
有增无减	1
民乐	1
电化	1
长荣	1
顾大局	1
中止	1
古奇	1
社科界	1
起色	1
旅整群	1
重然诺	1
崇信	1
吕	1
相望	1
调度室	1
车头	1
副秘书长	1
检察官	1
社保	1
怎样炼	1
谭一辉	1
自嘲	1
毒瘤	1
增援	1
单是	1
战云密布	1
沙娜	1
比利时	1
穷兵	1
安邦	1
稀有	1
9300	1
挥手	1
性别	1
未雨绸缪	1
砂	1
第十三	1
梁爱诗	1
挑剔	1
好处费	1
歌舞	1
归入	1
误判	1
相待	1
罄竹难书	1
骇客	1
高明	1
连带	1
打好	1
尼亚佐夫	1
改版	1
酿成	1
文学性	1
付给	1
酞阳能	1
没事儿	1
附属	1
偏远	1
四十多	1
整日	1
缎带	1
特派团	1
椭圆形	1
请江	1
频发	1
安然无恙	1
固本	1
绕	1
异地	1
灌溉	1
跟上	1
武道馆	1
婚后	1
以飨读者	1
梯次	1
风沙酞	1
追寻	1
高炮	1
银广夏	1
孙亚夫	1
六百二十多亿	1
瓦尔斯特伦	1
报上	1
打胜	1
可操作性	1
沿途	1
马方	1
静安	1
穆罕默德	1
出人意料	1
如火如荼	1
龙年	1
砒霜	1
不可测	1
信息权	1
播送	1
白天	1
时尚	1
嘉义	1
咎由自取	1
陈雅妮	1
嗣后	1
建交国	1
寻机	1
吉普车	1
例子	1
阅读	1
乏味	1
盖莱	1
露骨地	1
丰厚	1
挂贴	1
摩中	1
名校	1
办完	1
飞	1
减灾	1
领略	1
滋味	1
882	1
虚妄	1
序曲	1
歹徒	1
油嘴	1
百分之六点二一	1
穿越	1
三千一百亿	1
比率	1
离婚	1
交界点	1
刘鹏	1
纠集	1
澳门厅	1
大中小	1
阿布杜勒	1
检测	1
应用于	1
抓出	1
菲舍尔	1
实用	1
减低	1
雨情	1
啊	1
外币	1
砫陆	1
任内	1
乡村	1
输掉	1
马哈蒂尔	1
会费	1
结尾	1
百家争鸣	1
一九五九年	1
生命线	1
侨眷	1
郭	1
副首相	1
路人	1
吸纳	1
五百二十六	1
解放日	1
愚冥不化者	1
印方	1
门口	1
缩印本	1
硕果累累	1
平稳地	1
一九九零年	1
宋某	1
过半	1
前置	1
上学	1
企业化	1
650	1
战殁者	1
二分之一	1
演训流路	1
朴在圭	1
公墓	1
林某	1
侦破	1
师级	1
协调员	1
妨碍	1
外经贸	1
三亚	1
胸襟	1
兰特	1
反感	1
打完	1
巴格达	1
宝钢	1
葡萄酒	1
较快	1
微重力	1
枝枝	1
所言所行	1
钉子	1
草拟	1
平方米	1
王启人	1
跨进	1
方兴未艾	1
塞拉利昂	1
杨文昌	1
核电	1
亲笔	1
已成	1
召见	1
治爆缉	1
忆及	1
丑陋	1
公主	1
严安林	1
服众	1
张天保	1
慈祥	1
识破	1
压倒性	1
歇业数	1
离得	1
书记处	1
这儿	1
废墟	1
审议会	1
执政党	1
中产	1
奉劝	1
首倡者	1
医生	1
上游	1
大臣	1
无罪	1
委	1
单独	1
大法官	1
中小	1
确有	1
测评	1
歼敌	1
会务	1
洗礼	1
飘扬	1
大动	1
中午	1
甚么	1
先发制人	1
潜能	1
归	1
雄心勃勃	1
周小川	1
何厚铧	1
雨雪	1
发起人	1
拟定	1
淳安	1
资源部	1
理顺	1
前茅	1
触角	1
黑恶势力	1
低迷不振	1
成果卓	1
其言	1
开战	1
临时性	1
带起	1
抚慰者	1
柬埔寨人	1
沐浴	1
作客	1
烟台	1
刘晓明	1
林桂和	1
断	1
欠	1
雄鹰	1
三点一	1
会道	1
恶果	1
罗为	1
凯旋	1
运载	1
国统	1
事宜	1
商量	1
赫卜杜拉	1
烟花	1
河野	1
高质量	1
卡布里萨斯	1
敬重	1
防洪	1
增补	1
贸易区	1
风门	1
营院	1
馆长	1
进水	1
二零零八年	1
上车	1
接获	1
调转	1
故我	1
四面八方	1
备战	1
烈	1
入骨	1
工作酞	1
欠发	1
权属	1
乡北	1
投桃报李	1
辽宁省	1
兼有	1
九⑻	1
浪费	1
港区	1
传染病	1
布	1
总揽	1
有偿	1
张建中	1
脱出	1
五十六	1
事先	1
分阶段	1
传奇	1
化肥厂	1
夏衍	1
阵痛	1
利国	1
误导	1
反侵略	1
经济学	1
婚期	1
10434	1
三同	1
铺	1
夸贾林	1
163	1
曾建徽	1
中非	1
击毙	1
定心丸	1
受训	1
奔涌	1
检查院	1
下功夫	1
首季	1
拼凑	1
商品房	1
乐见	1
浮雕	1
力戒	1
遗漏	1
吴云瑞	1
裁决	1
弹起	1
电讯报	1
马塞奥	1
时效性	1
1619	1
吴清辉	1
会计师	1
敌我	1
操持	1
中随机	1
办成	1
小区	1
杜绝	1
惟一	1
黑客	1
心存偏	1
董辅礽	1
歼轰七型	1
徐振湖	1
福	1
逾越	1
水质	1
机器人	1
惨遭	1
精锐	1
一千一百九十七	1
突出重围	1
犹豫	1
追思	1
轻工	1
力荐	1
只字未提	1
获款	1
为鉴	1
百分之七	1
朝野	1
永驻	1
沧桑	1
铁甲舰	1
塌方	1
百分之四点一	1
斯大林	1
助手	1
终日	1
旺盛	1
顺理成章	1
七百万	1
洪学智	1
类似于	1
弟弟	1
阻隔	1
沉船	1
躺	1
迈上	1
众生	1
伎俩	1
浑身	1
招商月	1
民工	1
夜里	1
秉承	1
塔里木	1
张劲夫	1
安多	1
跪	1
大学生	1
夏都	1
故宫	1
◆	1
挥舞	1
招聘	1
拦阻	1
尸骨	1
警告式	1
务	1
出事	1
沈阳市	1
分署	1
瓜果	1
班禅	1
森	1
环	1
九三	1
面子	1
敌情	1
沙特	1
发明者	1
应诉	1
忠告	1
归侨	1
前行	1
厄瓜多尔	1
噪声	1
企望	1
一意孤行	1
喇嘛	1
一成不变	1
运动者	1
样品	1
许信良	1
预备	1
陈建国	1
出差	1
接	1
枕巾	1
英语	1
撞击	1
俄罗斯人	1
入股	1
献给	1
看守	1
五月份	1
安金龙	1
笑	1
预实践	1
质询	1
发难	1
神	1
挂心	1
宣读	1
大学城	1
立院	1
赋税	1
主角	1
逐月	1
一路	1
近代史	1
闽南	1
背叛	1
渗灌	1
全然	1
赫塞尔廷	1
蒋介石	1
三一	1
服从于	1
捆住	1
制敌	1
欺凌	1
脱贫	1
局限于	1
读到	1
清一色	1
刑法	1
跳出	1
灭	1
停机坪	1
领袖们	1
姜国	1
卡氏	1
音乐	1
怪	1
玩笑	1
决议案	1
莱德尔	1
主攻	1
传销	1
漫天	1
军报	1
前款	1
丛生	1
热潮	1
台上	1
木质	1
普提出	1
1967	1
贵宾室	1
加总	1
运城	1
五千万	1
姚仁安	1
缓冲	1
拳手	1
不知不觉	1
国际台	1
惨	1
闪光	1
井冈山	1
科协组	1
空域	1
整天	1
页数	1
柱石	1
许成富	1
接班	1
叶茂	1
勇气	1
车载	1
送交	1
262	1
北南方	1
老旧	1
德方	1
边检	1
校庆	1
采荷	1
混淆	1
1895	1
过细	1
一本正经	1
交待	1
刺针	1
餐叙	1
专卖局	1
恶意	1
交往史	1
幕幕	1
器官	1
检疫	1
仁慈	1
乐章	1
编定	1
呼喊	1
奥德松	1
照样	1
自取其辱	1
大政	1
沃克	1
众	1
先祖	1
搜查	1
认	1
于尔根	1
排排	1
造	1
消长	1
河山	1
霸占	1
猪	1
控	1
打井	1
数十亿	1
创业	1
撞毁	1
刘克刚	1
成因	1
亚音速	1
雄三	1
殷实	1
背道而驰	1
总还	1
袭来	1
默哀	1
唏嘘	1
律政司	1
金子	1
松江	1
大失所望	1
无可辩驳	1
预习	1
折股	1
复活	1
揭穿	1
下等	1
暨	1
教派	1
直选	1
周正庆	1
形式多样	1
彰显	1
十二亿多	1
团圆	1
预算案	1
冤魂	1
淡漠	1
公安局	1
cims	1
失为	1
污损	1
分委会	1
市民们	1
水情	1
2030	1
生意场	1
商标	1
包庇	1
限量	1
露	1
金仓	1
尽情	1
斡旋	1
基础性	1
闹事者	1
抬高	1
后事之师	1
工农	1
一零零零亿	1
势将	1
盛气凌人	1
君权	1
周期	1
凡	1
约旦	1
反分裂	1
立功	1
阿不来提	1
援巴	1
回函	1
错案	1
八一七	1
第十九	1
时代感	1
讼诉	1
走出	1
实话	1
张建萍	1
数以千计	1
东北部	1
体改委	1
枪击案	1
最少	1
赵南起	1
香港化	1
33600	1
炼油厂	1
强制	1
参演者	1
封函	1
解释案	1
1984	1
五千多	1
旌旗	1
接见	1
廿三	1
化生	1
抱有	1
等候	1
闭眼	1
缓	1
议事	1
大无畏	1
高科技	1
法西斯主义	1
事实实	1
朱自清颂	1
欧洲人	1
三十八	1
常德市	1
纷乱	1
防线	1
战略区	1
辛辛苦苦	1
仙	1
积淀	1
侮辱	1
营口市	1
有名	1
工作性	1
健儿	1
歌功颂德	1
张中伟	1
平坦	1
想象力	1
宴会厅	1
手术	1
单薄	1
贿选	1
总局	1
九日	1
沙包	1
垄断权	1
随即	1
血统	1
指为	1
瞪大	1
通商	1
陈有德	1
专员	1
普理赫	1
凶残	1
赶往	1
辩论	1
经营者	1
市貌	1
装订	1
责难	1
麻将	1
堵住	1
窠臼	1
分析家们	1
从旁	1
修正	1
投资类	1
祸根	1
国大	1
正规	1
嘉手纳町	1
香菇	1
狂	1
蔡继明	1
越发	1
新闻官	1
不义	1
分批	1
隶属	1
汇报会	1
杂交	1
前段	1
秘	1
席位	1
魏茨泽克	1
生活费	1
矢志	1
撑到	1
忘怀	1
右幅	1
摊开	1
油田	1
五年	1
枪支	1
教	1
平方公里	1
民族化	1
罗宾逊	1
定案	1
阜阳	1
背	1
外托	1
拉戈斯	1
风霜	1
受制于	1
财路	1
流泪	1
官邸	1
铝	1
区分	1
提取	1
分散相	1
尘烟	1
基本功	1
知难而退	1
威力	1
反机动	1
版权	1
布衣	1
a	1
恼火	1
后脚	1
高低	1
外务省	1
把关	1
权重	1
援手	1
揪心	1
宝立生	1
时限	1
繁忙	1
寄递	1
失事	1
彭光谦	1
一百四十亿	1
波动	1
代码Ⅱ	1
水文	1
卢树民	1
朝向	1
博鲁巴耶夫	1
公职	1
轻言	1
失之于宽	1
性命	1
打湿	1
摆事实	1
判定	1
特务	1
阿达姆库斯	1
执	1
整理	1
c4i	1
阐发	1
硬汉	1
爱国心	1
前确	1
一九○七年	1
苦不堪言	1
服役期	1
安定门	1
江续	1
冷冷冰冰	1
洪患	1
达源	1
直升飞机	1
厦门市	1
随传随到	1
操演	1
森西朗	1
变小	1
不再	1
藉助	1
护士	1
李国强	1
要是	1
吃透	1
刻苦	1
莫尔加特	1
麦凯恩	1
辅导员	1
卡位	1
吃饭	1
丁刚●	1
承载	1
管辖权	1
投资人	1
圈子	1
送上	1
艺术团	1
盈余	1
当场	1
打到	1
残缺	1
怪物	1
臂	1
休整	1
言外之意	1
坛南端	1
光学	1
征文	1
人道	1
借重	1
商务法	1
草绳	1
远亲	1
警钟	1
自发地	1
卡塔尔	1
呼唤	1
新鲜事	1
食物	1
神舟	1
李鹏率	1
环顾	1
就业司	1
前哨	1
进军	1
执行数	1
沙漠化	1
警戒线	1
波顿	1
宗教观	1
呼吸机	1
制海权	1
尴尬	1
军代室	1
3463	1
叶尔辛处处	1
政治家们	1
修行	1
─三零零	1
进城	1
饲养	1
伟绩	1
1862	1
专职	1
奉献	1
债权人	1
处置	1
惨景	1
经济体	1
双双	1
各负其责	1
谍报	1
羊晓东	1
梅茨格	1
一百一十四万五千	1
居港权	1
515	1
定量	1
始建于	1
肝炎	1
ss	1
熄灭	1
难以想象	1
九八年	1
增值税	1
司空见惯	1
144	1
一千一百多万	1
蹂躏	1
自若	1
某某	1
老家	1
里程	1
缴获	1
送水	1
赵实	1
相对于	1
毛纺	1
拆分	1
萨尔瓦多	1
巴伐洛堤	1
臆造	1
分队	1
接触性	1
副司长	1
督促	1
电视片	1
造血	1
餐厅	1
决策层	1
应届	1
探	1
领馆	1
博什格拉夫	1
周慕尧	1
预想	1
行家	1
刊物	1
之义	1
接运	1
封住	1
回收	1
澳洲	1
名气	1
台面	1
拘留所	1
眼帘	1
赶来	1
社柏林	1
贫	1
独家	1
独有	1
参赞	1
来袭	1
摇摆	1
四分之一	1
掣肘	1
分散	1
宿命	1
核导弹	1
藉着	1
雾色	1
滴滴	1
一揽子	1
英烈	1
智囊团	1
晋级	1
家畜	1
歪	1
推测	1
一无所知	1
触目惊心	1
帕塔塞	1
政团	1
突显	1
化学战	1
育龄	1
吴阶平	1
候任	1
祝福	1
死人	1
辖	1
煤渣	1
外双溪	1
福安号	1
前人	1
门面	1
二道河	1
消独	1
密西西比州	1
风貌	1
李克强	1
十九	1
星罗棋布	1
折	1
动靶	1
蓝方	1
三十万	1
1969	1
史上	1
许某	1
向后	1
微小	1
二十七	1
税改	1
准军事	1
11444	1
真功夫	1
反之	1
符	1
匮乏	1
通路	1
农田	1
航船	1
砍杀	1
祸	1
昧着	1
已婚	1
特稿	1
别尔米诺夫	1
街谈	1
机毁	1
领到	1
延及	1
一九九○年	1
奔向	1
巷议	1
战俘	1
一百三十三	1
一次次	1
音符	1
基本面	1
扎什伦布寺	1
戴秉国	1
优胜	1
罚没	1
隔阂	1
尖	1
冲绳县	1
膨胀	1
成套	1
蔡英文	1
针锋相对	1
地毯	1
集团化	1
一万四千	1
合作者	1
拖拉	1
安抚	1
南空	1
李廷彬	1
北欧	1
紧跟党	1
oem	1
参数	1
先决	1
合作面	1
1957	1
不相上下	1
社保局	1
俊杰	1
卢森堡	1
半山腰	1
报以	1
反应热烈	1
休息	1
跌	1
动脑筋	1
教主	1
政治病	1
钟敏	1
挫败	1
苛刻	1
杭州市	1
车祸	1
可选择性	1
超载	1
小费	1
伯顿	1
轻轻	1
回头	1
签到	1
王陇德	1
之门	1
场区	1
德州	1
晶莹	1
痴痴	1
销路	1
零部件	1
痛骂	1
重庆	1
头面	1
姐姐	1
八日	1
甚笃	1
断言	1
影吊	1
电信业	1
解禁	1
雾	1
全身心	1
垄断性	1
各执一词	1
权谋私	1
涵义	1
贵德	1
麦氏	1
辩诉	1
张东梁	1
征召	1
兵员	1
炮舰	1
化敌为友	1
理论化	1
7509	1
伸开	1
关口	1
职守	1
穷人	1
何椿霖	1
面包	1
巨响	1
物质性	1
李毅中	1
株连	1
三十分	1
刘思影	1
查考	1
库城	1
蛛丝	1
肯尼迪	1
有年	1
1975	1
老一代	1
王琳	1
pt	1
植被	1
六亿	1
政府性	1
残疾人	1
阿勒萨尼时	1
久拖不决	1
研究者	1
犹存	1
差错	1
外交家们	1
飞奔	1
实干	1
装备齐	1
十八万	1
无所不在	1
第十七	1
迭	1
登岛	1
诉讼法	1
英特尔	1
1959	1
洗刷	1
伸向	1
政纪	1
刘淇	1
拉昌	1
转化率	1
82	1
时间早晚	1
萧规曹随	1
录取	1
车型	1
奥德韦	1
童施建	1
求实	1
宣判	1
拼音	1
勤政殿	1
超导	1
拖后	1
闪电式	1
器件	1
着作	1
私有制	1
车站	1
渔民	1
据知	1
政委	1
报刊	1
平房	1
祗占	1
华尔道夫	1
法典	1
华棣	1
撕心裂肺	1
律师界	1
通电	1
附带	1
原载	1
储蓄者	1
杨帆	1
通告	1
长子	1
参训	1
追查	1
勿	1
突中	1
掉以轻心	1
培根	1
接见室	1
招摇	1
仪式性	1
来稿	1
严实	1
土崩瓦解	1
戴明益	1
计算机系	1
轻率	1
锻炼	1
受骗	1
惹	1
叶大年	1
所述	1
炎黄	1
具体化	1
顿时	1
推动者	1
能动	1
硬性	1
左转	1
严肃性	1
名次	1
取之不竭	1
全文	1
任重而道远	1
锁国	1
大同	1
大伞	1
冰箱	1
妇联	1
联合会	1
钟氏	1
高雄港	1
古老	1
tracyzhao	1
损坏	1
重申斯	1
保养	1
顶礼膜拜	1
腐烂	1
同台	1
贺龙	1
公允	1
挑选	1
制空权	1
转述	1
节节	1
刘国胜	1
再说	1
牛	1
加重	1
红地毯	1
应试	1
博惕彻	1
家乡	1
碰硬	1
萧条	1
诚信	1
偷窥	1
提速	1
落实江	1
情感	1
恭维	1
牵	1
姚志胜	1
蔡慧贞	1
吃饱	1
商场	1
gps	1
融为	1
归根到底	1
帐簿	1
反盗版	1
萧万长	1
想起	1
置于	1
源于	1
马尔代夫	1
通车	1
贺岁	1
过关	1
返	1
寂静	1
中组部	1
逐条	1
东北亚	1
海面	1
演进	1
江苏省	1
撑腰	1
51	1
白鹤镇	1
陵水县	1
庄严	1
躲	1
萨尔迪瓦	1
逊于	1
温	1
事出有因	1
切入点	1
西方人	1
家族式	1
竞标	1
稻谷	1
困局	1
双休日	1
寻销路	1
升高	1
车轮	1
呀	1
采集	1
阴影	1
一九四九年	1
促进权	1
南宁市	1
守信	1
甩	1
贩卖	1
陈俊光	1
危机感	1
讲给	1
动机	1
死路	1
基本点	1
控网	1
张朔	1
定性	1
小视	1
数额	1
夏丽玛	1
日炙	1
体病	1
离任	1
三百多万	1
摩西	1
船	1
市郊	1
右侧	1
排斥	1
统一部	1
凭	1
推卸	1
巡逻车	1
杨进行	1
谎言	1
更改	1
正确性	1
青稞	1
成果奖	1
白令	1
担当	1
军援	1
朝侨	1
寥寥无几	1
北疆	1
西方化	1
吕梁	1
迫使	1
浓	1
阅兵式	1
战技	1
赶上	1
后盾	1
饶有兴致	1
演讲酞	1
被告席	1
重教	1
例证	1
山东省	1
卖命	1
施瓦布	1
压倒	1
趋同	1
防治	1
进修	1
影儿	1
旗	1
一厢情愿	1
领取	1
缺位	1
输送车	1
手工	1
用事	1
养尊处优	1
二○○八年	1
去信	1
辞别	1
安内	1
顶端	1
早餐	1
侨胞	1
策划者	1
王岐山	1
栽培	1
宣讲	1
证据	1
量	1
专业化	1
转基因	1
干好	1
不战而胜	1
个体户	1
王大中	1
景	1
卢沟桥	1
自焚者	1
民族团	1
任意性	1
昧于	1
一贯方针	1
百分之十三点九	1
秋熟	1
侨界	1
日本人	1
口气	1
萝卜	1
果然	1
标明	1
三成四	1
贫乏	1
魏永平	1
大葱	1
水性	1
求职	1
营地	1
陈果	1
春天	1
雅尔塔	1
架式	1
起运	1
纪德舰	1
吐血	1
猖狂	1
中学生	1
中关村	1
尊生	1
严竣	1
田纪云	1
刘佩琼	1
整编师	1
危陋	1
踪影	1
五十余	1
复苏	1
距离感	1
后边	1
哈桑纳尔	1
微观	1
医药	1
带回	1
体验	1
时效	1
垮	1
主办权	1
壁上观	1
主犯	1
事外	1
电信法	1
新低	1
准确性	1
卫戍区	1
若斯潘	1
圈外	1
星级	1
铺上	1
战例	1
通信站	1
冲向	1
省军区	1
神盾舰	1
神剑	1
一九八一年	1
不够	1
回复	1
书页	1
虚实	1
狂风	1
加倍	1
麻辣烫	1
落脚点	1
第四十八	1
现世	1
国法	1
毕业于	1
机动式	1
为所欲为	1
打扫	1
良苦	1
开普敦	1
合作部	1
行程	1
震荡	1
派款	1
遽然	1
折射	1
白克明	1
承担者	1
调入	1
亚利桑那州	1
反腐倡廉	1
过热	1
隔离	1
练习者们	1
谭宏伟	1
郊区	1
降水	1
李系	1
好上加好	1
索马里	1
雄风	1
伽马	1
程控	1
茉莉花	1
八时许	1
罪人	1
深股市	1
团党委	1
峰	1
丁光训	1
朴素	1
举国	1
挈领	1
大韩	1
郭振干	1
露头	1
歧视性	1
拖下去	1
做实	1
88	1
方圆	1
中南美洲	1
毒物	1
完美	1
五湖四海	1
藏民	1
违章	1
锐意	1
罗马尼亚	1
航空器	1
密特朗	1
中队长	1
视角	1
方知	1
保护性	1
驱逐	1
自检	1
接续	1
阿鲁菲	1
千千万万	1
力倡	1
绝伦	1
野蛮	1
边陲	1
第八	1
卜睿哲	1
血色素	1
地得其利	1
属性	1
钜	1
批判	1
碰上	1
哗众取宠	1
缩减	1
长期性	1
法学	1
费加罗报	1
异	1
金淑英	1
排行榜	1
所思	1
末日	1
核武器库	1
穆尔	1
洛阳市	1
丑行	1
无视	1
延安	1
藏匿	1
任职	1
严要求	1
三中	1
648	1
乐器	1
拙劣	1
新生牟	1
一九四五年	1
青春	1
循	1
残疾	1
水泥	1
议政	1
入台	1
炮弹	1
磨合	1
塔拉尔	1
民选	1
扮演曝	1
雄伟	1
听者	1
了不起	1
施泰纳	1
招商	1
晚十	1
办学	1
金三角	1
署名	1
靳如	1
死难	1
实实	1
尺度	1
谷野	1
来犯	1
副省长	1
罗马	1
古国	1
她们	1
摇篮	1
冤枉	1
独树一帜	1
改正	1
偏离	1
带给	1
滩涂	1
躲藏	1
严惩不贷	1
登高望远	1
辛旗	1
吕丕森	1
回望	1
徐山林	1
典范■	1
降至	1
治党	1
航天器	1
法轮	1
高瞻远瞩	1
组团	1
年增长率	1
顾虑重重	1
野	1
库赖	1
设想	1
审讯	1
摄氏	1
多于	1
自诩	1
统一派	1
张柏芝任	1
扔进	1
虚伪性	1
免去	1
拳	1
联创	1
塔尔博特	1
立项	1
搬家	1
称做	1
万分	1
相聚	1
大致	1
涵意	1
过江之鲫	1
沈荣骏	1
启程	1
耶尔科维奇	1
天空	1
石岗墩	1
汪纪戎	1
与日俱增	1
高燕	1
320	1
雇用	1
毒贩子	1
总要	1
希	1
摒弃	1
柳暗花明	1
假释	1
筹划	1
结盟	1
荒无人烟	1
阿卜杜勒	1
前言	1
蓄水池	1
倦容	1
124	1
乔装	1
交代	1
告诫	1
1972	1
联络办	1
杀伤力	1
提自	1
佛州	1
上收	1
签定	1
警察厅	1
追击	1
科目	1
不安定	1
六十四万余	1
随阿沛	1
机内	1
平战	1
绝对化	1
千亿	1
读卖	1
须经	1
末年	1
古方	1
救灾	1
途经	1
无往	1
永恒	1
服刑	1
艾滋病	1
执收	1
廉价	1
葛连成	1
邯钢	1
购	1
达千余	1
山林	1
蒙混	1
盛华仁	1
糟粕	1
呼应	1
小撮	1
周景锐	1
一千五百多亿	1
五十三	1
饮水	1
彝	1
艾奥瓦州	1
在位	1
深重	1
专人	1
惊奇	1
赵承	1
生殖	1
异端邪说	1
开征	1
口舌	1
歧途	1
赵朴	1
泼皮	1
位移	1
归于	1
套汇	1
核战略	1
普查	1
斯洛伐克	1
吉中塔	1
田中	1
气派	1
大使级	1
监察院	1
敏锐	1
57600	1
伪劣	1
不堪一击	1
杀人犯	1
纳卡	1
营业性	1
科考	1
凡此种种	1
主观主义	1
抗震	1
易发	1
外州人	1
百分之十	1
骗术	1
上场	1
裂空	1
台州市	1
林浊水	1
22000	1
陆基	1
外岛	1
苏州	1
文教	1
宣传者	1
地盖	1
迁建	1
燃油	1
畅	1
百分之三	1
熟	1
空位	1
受理	1
拥抱	1
继任者	1
征调	1
留法	1
自述	1
大校	1
脸	1
死胡同	1
斗勇	1
外委会	1
冲天	1
乔治	1
微不足道	1
没落	1
病倒	1
总署	1
视察	1
军工厂	1
识时务者	1
幕后	1
无文	1
农奴制	1
自尊	1
结业式	1
功臣	1
响起	1
高专	1
贾绍箕	1
普里什蒂纳	1
张家港市	1
一举	1
姚新章	1
指挥员们	1
进发	1
大头	1
13380	1
老伴	1
光芒	1
穆斯塔法	1
草地	1
东山县	1
安─	1
寄生	1
万象	1
夏	1
遵照	1
热带	1
送往	1
柔弱	1
浸泡	1
凌志	1
投资区	1
存小异	1
说情	1
训法	1
母亲	1
克瓦希涅夫斯基	1
自如	1
金马一带	1
名存实亡	1
大饼	1
未然	1
一把	1
夏威夷	1
旗号	1
自古以来	1
怀抱	1
热点	1
枪杀	1
得力	1
晋	1
联络处	1
传声筒	1
帝制	1
登门	1
火枪	1
武官	1
解脱	1
日韩	1
705	1
心存	1
理解人	1
价升量	1
心头	1
误入	1
光明	1
税法	1
开入	1
答道	1
翻转	1
拔牙	1
国务	1
放矢	1
中国通	1
撒切尔	1
对口	1
文数	1
分手	1
犹酣	1
要职	1
770	1
圣彼得堡	1
马西雷	1
澳方	1
过长	1
老老	1
风波	1
咀嚼	1
敌前	1
香芳	1
洋溢	1
痛心	1
李议长	1
钻研	1
血浓于	1
敲	1
冒进	1
成册	1
本社	1
空文	1
歼灭	1
牢固	1
被动式	1
连日	1
骆驼	1
观乎	1
思想库	1
阿南	1
指控	1
岂	1
随军	1
打个盹	1
不复	1
推销	1
派系性	1
含泪	1
主子	1
业内	1
险	1
陆军省	1
古人	1
坠毁	1
逆	1
工艺品	1
山芋	1
米特雷娃	1
屈	1
查清	1
前期	1
闻名于世	1
高涨	1
现实主义	1
花上	1
归类	1
往前	1
设定	1
猛升	1
牟取	1
群群	1
资料馆	1
塔吉克斯坦	1
改革派	1
讹传讹	1
跟随	1
喝	1
莫非	1
高难	1
五角	1
火药	1
侦听	1
族群	1
阿罗育	1
服饰	1
抚州	1
应运	1
克雷格	1
西门子	1
震天	1
罗源	1
田毅	1
卢克	1
开业	1
藤森	1
反共	1
在先	1
船只	1
自理	1
乘胜追击	1
播种	1
银河号	1
一点儿	1
跳跃式	1
欢送	1
恢复性	1
约翰内斯堡市	1
拥扁	1
看有	1
铁拳	1
祭祀	1
五六千	1
婚	1
一九九三年	1
质押	1
合	1
可视化	1
造船	1
风尚	1
二十四日	1
聆听	1
大众	1
发发	1
接到	1
特级	1
猛烈	1
木材	1
美商	1
勘测	1
正义之举	1
齐心协力	1
华北	1
党部	1
汇演	1
印中	1
以及摩	1
反偷	1
路远	1
无尽	1
兰绑架	1
深色	1
日圆	1
攘外	1
黑板	1
领海	1
各式各样	1
特权	1
公用	1
出色	1
生命权	1
练就	1
不大可能	1
出自	1
反战	1
有知	1
演讲会	1
透	1
十一月份	1
南丹	1
出奇	1
只不过	1
原属	1
水土	1
福音	1
●	1
既有	1
转口	1
打出	1
差额	1
历历在目	1
核工业	1
百科全书	1
售票	1
工作组	1
鲜花	1
曹伯纯	1
通信网	1
骂	1
挖潜	1
利民	1
无立足之地	1
砸	1
购得	1
公有制	1
交出	1
手铐	1
见效	1
华裔	1
刘洪滨	1
春风	1
场白	1
丹戎	1
存在于	1
围坐	1
波幅	1
无记名	1
捕到	1
李大光	1
换取	1
神话	1
自卫权	1
当真	1
农工	1
自体皮	1
阔步	1
词典	1
拍卖	1
继位	1
称羡	1
吉方	1
感召	1
导火索	1
份量	1
恶潮	1
男	1
挥师	1
心里	1
千夫所指	1
陈勇	1
轮值	1
有用	1
龙酞郎	1
王莽	1
空难	1
所知	1
乐东	1
附有	1
耿飚	1
在逃	1
悄悄	1
新鲜	1
工业用	1
台中港	1
固执	1
剖析	1
36	1
演员	1
当政者	1
权威主义	1
狗尾续貂	1
一九五七年	1
广交会	1
权谋	1
参演	1
联合体	1
数百万	1
打听	1
驾	1
援外	1
伟业	1
母女	1
藏族	1
洽商	1
荒唐	1
杨应琳	1
错落	1
一千亿	1
反贪	1
伊斯兰教	1
悲哀	1
设法	1
反毒品	1
卡拉巴赫	1
47	1
换壳	1
存放	1
拱手	1
了绘	1
加工点	1
出走	1
非专利	1
致残	1
阿巴斯港	1
被动	1
稍	1
罗斯	1
山高	1
219	1
音乐声	1
裁判所	1
非正规	1
潘志平	1
高检	1
写作	1
教义派	1
设宴	1
用好	1
耍出	1
多元化	1
畜产品	1
盐田港	1
首府	1
艺术性	1
回良玉	1
照片	1
重用	1
观	1
凯利	1
老手	1
外包装	1
痴心妄想	1
78	1
降温	1
叶小文	1
尽职尽责	1
赵仁家	1
安然无事	1
外机	1
说者	1
岳耀勇	1
解释权	1
奔	1
44	1
无法无天	1
滞留	1
取水	1
负	1
等同于	1
划动	1
家家	1
三年期	1
滑	1
唯物	1
王文元	1
装甲车	1
单刀直入	1
手腕	1
陆宗霖	1
租赁	1
反霸	1
风风雨雨	1
谅解	1
拟于	1
输送	1
好梦	1
港督	1
弹奏	1
农副产品	1
丢人	1
张曦握	1
好在	1
本色	1
剧本	1
衷心感谢	1
救济	1
浩然	1
无线电	1
自古	1
重创	1
1949	1
讲坛	1
勤政	1
瓦希德	1
谋害	1
战斗群	1
献	1
齐怀远	1
平分秋色	1
芬莱	1
迂回	1
病床	1
研习会	1
乡级	1
厘米	1
死硬	1
黄河	1
描述	1
不信邪	1
恩格斯	1
技改	1
隐真	1
癫狂	1
大加	1
晤对	1
王津平	1
洲	1
夏德	1
另择	1
甘心	1
就读	1
赵明录	1
投降	1
中直	1
踏入	1
张麟征	1
调减	1
九十五	1
贼	1
严惩	1
勃勃	1
国宾馆	1
稽察	1
乃	1
明辨	1
叫屈	1
性病	1
二百一十	1
官校	1
买方	1
黄镇东	1
铜矿	1
通篇	1
八十万	1
范宝俊	1
一维性	1
梅西奇	1
统合论	1
谢瓦尔德纳泽	1
艰苦卓绝	1
汪	1
黑暗	1
占取	1
喊冤	1
味道	1
软体	1
祗求	1
白白	1
罢手	1
软化	1
经叔平	1
小分队	1
牛仔	1
变造	1
改良	1
实验区	1
李冬民	1
油然	1
约翰霍普金斯	1
恐惧	1
二十五日	1
哈利法	1
土库曼	1
谈话会	1
顶住	1
缉捕	1
更高	1
对立	1
附件	1
携款	1
复旦	1
热络	1
胡军	1
陈洪彪	1
不安全	1
查问	1
共议国	1
争鸣	1
战神	1
蜕变	1
卷	1
置之不理	1
屈尊纡贵	1
劣质	1
引入	1
凶杀案	1
田源	1
自由刑	1
助推	1
参照	1
隔几	1
2300	1
地貌	1
下游	1
粉尘	1
反干扰	1
题中	1
以致	1
中立	1
知情者	1
不大	1
突破口	1
普及性	1
大气	1
软着陆	1
服务业	1
2100	1
微波	1
立论	1
阿曼	1
忙碌	1
减免	1
利物浦	1
暂予	1
精确	1
陈福今	1
主导性	1
瑞丽	1
琼斯	1
包围	1
终审	1
二千三百多万	1
铋系	1
宋平	1
农庄	1
入盟	1
过场	1
论坛方	1
反倾销	1
撇下	1
受害人	1
保安局	1
蒸蒸日	1
捕获	1
祁连山	1
哈尔滨	1
应答	1
九泉之下	1
飞来飞去	1
皇	1
碰壁	1
朱穆	1
许文龙	1
厚	1
电器	1
检举	1
炮长	1
受贿	1
携起	1
希方	1
钱学森	1
情	1
好转	1
如众	1
驻守	1
明智	1
战车	1
疙瘩	1
后续	1
铁灰色	1
戴维营	1
价	1
规范性	1
陈─李	1
莫桑比克	1
烧	1
156	1
投弃权	1
巴中	1
诚	1
指挥官	1
称颂	1
外来者	1
放在	1
恐慌	1
紧靠	1
飞行器	1
午餐	1
库赛	1
再则	1
云烟	1
护法	1
南中国海	1
李传训	1
造林	1
受审	1
惯用	1
诈骗罪	1
中上层	1
泥沙俱下	1
长鸣	1
科威特	1
舒兰	1
比达	1
晋安区	1
公民权	1
浓烈	1
卡扎菲	1
奠基	1
大案	1
周五	1
方瑾黄庭满余瑛瑞	1
狡猾	1
递增率	1
精品	1
副书记	1
司训	1
民生	1
年富力强	1
撞骗	1
罪魁祸首	1
盲目乐观	1
贵州	1
红心	1
布什主义	1
卡	1
拆去	1
浮躁	1
蒋氏	1
报知网	1
购汇	1
野果	1
脱节	1
倾向性	1
规划馆	1
迁	1
王光亚	1
初衷	1
一九八四年	1
谬说	1
静静	1
制假	1
c3i	1
抬出	1
五二○	1
如此一来	1
芝加哥	1
售假	1
袖	1
身影	1
鲁滨	1
四人帮	1
药房	1
候补	1
明治	1
集团性	1
纪念地	1
重量级	1
特地	1
先驱	1
中编	1
思想家	1
利刃	1
密布	1
道主	1
规画	1
厂商	1
海区	1
估算	1
沙海	1
德庆乡	1
天主教会	1
黩武	1
几千	1
弱国	1
`	1
污浊	1
储备粮	1
阿利耶夫	1
工业省	1
失职	1
尾声	1
凤生	1
世世代代	1
禁忌	1
邰爱国	1
吉佩定	1
讲述	1
反腐	1
钻进	1
联调局	1
道琼斯	1
警醒	1
心心相印	1
冲破	1
吉同	1
奴役	1
品行	1
人次	1
财长	1
讲讲	1
温床	1
罗廷荫	1
对讲	1
肇事	1
记载	1
现成	1
可信	1
汇往	1
拿钱	1
课目	1
演奏	1
企业法	1
厮杀	1
财税	1
镀	1
皇宫	1
志愿兵	1
书画界	1
科学性	1
在朝	1
潮州人	1
施压	1
消化	1
输水	1
苦熬	1
绕开	1
违	1
即便	1
贷款率	1
三万七千	1
低调	1
国家局	1
恪尽职守	1
罗素珍	1
法官	1
百分之二十九	1
一介	1
贸发	1
连环	1
亵渎	1
暂停	1
辟	1
贝格	1
国土局	1
潜伏	1
征兆	1
没过多久	1
并重	1
物权法	1
拜登不然	1
三茬	1
伯格	1
1589	1
长途	1
久闻大名	1
航班	1
定点	1
张秀发	1
换装	1
何智辉	1
扩招	1
念	1
行销	1
畔	1
劣汰	1
划定	1
游荡	1
差	1
曝从	1
昆山	1
陈静	1
多维	1
大员	1
公敌	1
订货	1
如下	1
撕开	1
稳妥	1
疾病	1
琴弦	1
身亡	1
酒店	1
开源	1
可爱	1
杀机	1
庭	1
血案	1
保管员	1
触犯	1
信贷	1
网络化	1
入侵	1
驻足	1
旅法	1
余下	1
达福	1
秘鲁	1
海南省	1
哀求	1
大名县	1
划入	1
酞空战	1
一同	1
图片	1
惟恐落	1
顺藤摸瓜	1
众说纷纭	1
体弱	1
假设	1
团组	1
骇客战	1
老大自居	1
作保	1
攻坚战	1
深渊	1
惠及	1
免费	1
周铁农	1
引火烧身	1
多维化	1
裁判员	1
学到	1
行必果	1
洽购	1
储蓄率	1
徐鹏航	1
特多	1
威斯康星州	1
巴里	1
受益人	1
挂	1
形而	1
光通信	1
主讲	1
衰减	1
选情	1
全程	1
风道骨	1
快刀斩乱麻	1
何来	1
散文	1
尽力	1
总理率	1
被召	1
人类学	1
继任	1
蔑视	1
彻查	1
巴黎	1
虞云耀	1
乐成	1
陈依文	1
下滑	1
欲罢不能	1
赵晋平	1
生还	1
一九八八年	1
安息	1
波黑	1
口口声声	1
录	1
公证书	1
阿塔拉什	1
辟为	1
甚寡	1
分期	1
譬如	1
1120	1
带进	1
三十多	1
杀伤性	1
企求	1
加薪	1
自鸣	1
挡	1
结案	1
半信半疑	1
定下	1
忍无可忍	1
1797	1
目击	1
赵宇	1
农牧民	1
打死	1
一女	1
落伍	1
为非作歹	1
伸到	1
打手	1
磨去	1
懊悔	1
大兵	1
本省	1
王礼恒	1
失措	1
无生	1
npt	1
身边人	1
祠堂	1
洛佩斯	1
终身	1
王光英	1
转回	1
青年团	1
言必信	1
宣誓	1
汇编	1
点心思	1
封面	1
切身	1
由来	1
编列	1
当上	1
高出	1
创业板	1
二○	1
全委	1
综合性	1
磨炼	1
发案率	1
一点七五亿	1
反倾销法	1
工委	1
占有率	1
审定	1
定购	1
钓鱼台	1
胜利者	1
俄西伯利亚	1
恩格尔	1
绑上	1
衰	1
投靠	1
谷	1
照例	1
蒙骗人	1
407	1
标识	1
清白	1
祸藏	1
周志怀	1
响	1
款	1
新版	1
演技	1
张德江	1
毒源	1
统战	1
向日	1
永葆	1
获胜	1
非军事	1
宾西法尼亚	1
经由	1
乞丐	1
贵客	1
种子	1
位居	1
07	1
图片展	1
唐县	1
自助	1
实证	1
面额	1
随和	1
照常	1
厅	1
三位一体	1
花莲	1
为奇	1
刘知炳	1
苏盛义	1
参观者	1
感叹	1
造船厂	1
心潮难平	1
双面	1
推动摩	1
第四十七	1
火炬	1
伤害	1
辛劳	1
拥李	1
收受	1
十六点五亿	1
指挥长	1
本版	1
硕士	1
单边	1
康润平	1
盗版	1
张静宇	1
恃	1
饶恕	1
限额	1
安家	1
强加于人	1
进香团	1
水稻	1
看作	1
记取	1
担保	1
追昔	1
束缚	1
总的看	1
圆	1
根据地	1
主动性	1
防化	1
示范县	1
装载	1
盛岛	1
外逃	1
加之	1
检方	1
郝昭	1
山仑	1
同宗	1
根治	1
取证	1
狂悖	1
显露	1
嚓嚓嚓	1
治权	1
兰某	1
指挥枪	1
塑造	1
布殊	1
肆虐	1
古话	1
某师	1
医学院	1
猜测	1
之战	1
誓不两立	1
卧在离	1
老伯	1
品牌	1
自拔	1
其三	1
板凳	1
不拘一格	1
守信用	1
体积	1
●只	1
邱维	1
三百	1
新疆杨	1
禁区	1
欧洲裔	1
于永波	1
黑箱	1
盈动	1
税率	1
撰写	1
戈壁滩	1
大洋	1
刘应明	1
外交界	1
自知	1
洛阳	1
道道	1
痛悔	1
保山	1
不择手段	1
面越	1
运用于	1
兼任	1
婉拒	1
心结	1
暑期	1
手软	1
677	1
缺席	1
3200	1
抵日	1
冤案	1
出价	1
242	1
营垒	1
杂	1
台当局	1
子弟兵	1
中南	1
易于	1
锁链	1
悲观	1
神教	1
午夜	1
引资	1
院门	1
争斗	1
况且	1
陈喜忠	1
扬弃	1
张高丽	1
军地	1
大凡	1
腾挪	1
德意志	1
罪责难逃	1
襄助	1
孙勇军	1
马光华	1
赵华胜	1
再现	1
进修班	1
美中	1
党政群	1
参会	1
注	1
驻南	1
送炭	1
高处	1
轮南	1
升任	1
相继锨	1
救救	1
杜青林	1
组网	1
事权	1
鉴别力	1
下令	1
听其言	1
俄联邦	1
渔业法	1
威风	1
自私	1
有条不紊	1
火热	1
信誉	1
立意	1
军代表	1
军乐队	1
毒气	1
高赫	1
潜移默化	1
松动	1
解析	1
遗孀	1
顺乎	1
故此	1
财经委	1
不遗余力	1
盛情款待	1
刑诉法	1
人祗	1
郭永怀	1
枪击	1
劳教	1
败北	1
挑	1
监外	1
印度人	1
逃走	1
赵波	1
权力欲	1
沉着	1
必备	1
倒行逆施	1
缘故	1
快捷	1
心脏	1
夜视仪	1
无稽之谈	1
可见	1
东道主	1
忍受	1
工党	1
适用	1
托里切	1
mp3	1
甘南	1
意向书	1
同盟者	1
万元	1
大会堂	1
疾言厉色	1
回合	1
编织	1
诗琳通	1
加里曼丹	1
轮番	1
参与制	1
猎取	1
⑻一日	1
赵登举	1
1982	1
绯闻	1
陈至立	1
闵道长	1
侈谈	1
难免	1
三线	1
一千一百	1
连同	1
和平路	1
奔跑	1
攀升	1
武器化	1
标箱	1
田曾佩	1
站到	1
1945	1
走走	1
蔡亲耀	1
议联	1
总政策	1
马迹	1
孤岛	1
飞虎队	1
宣讲团	1
高空	1
决策者	1
县直	1
催促	1
三十五	1
带到	1
文明人	1
段辉	1
体质	1
吴康民	1
重槌	1
请愿	1
联组	1
细节	1
排头兵	1
下挫	1
上街	1
婴儿	1
1932	1
出乎意料	1
弹种	1
法律案	1
频道	1
惨痛	1
科级	1
意料	1
反帝	1
潜藏	1
二百多	1
实效性	1
推弹	1
加勒比	1
墓	1
坦然	1
搞不清	1
3462	1
周安	1
名额	1
场景	1
扶养费	1
加诸	1
应生	1
高新区	1
跃居	1
击沉	1
紧	1
施政者	1
9000	1
战友	1
滚动	1
全权	1
报业	1
录像	1
稍加	1
其一	1
求稳	1
冒天下之大不韪	1
八百亿	1
全训	1
纪念日	1
铭记	1
失言	1
置身	1
市议会	1
宁静	1
稳定性	1
误区	1
田中青	1
最低	1
老工人	1
报复性	1
防疫	1
萎靡不振	1
争创	1
石河子	1
刘淑文	1
104	1
绝路	1
勃勃生机	1
李高成	1
自由党	1
舰长	1
火	1
远东	1
阵前	1
厄尔尼诺	1
遥遥无期	1
除夕夜	1
趟	1
风灾	1
黄华	1
塔哈	1
电信日	1
彩图	1
黑色	1
分享	1
水际	1
澎湖	1
锐利	1
音像	1
沪台	1
普天间	1
升幅	1
声光	1
聚会	1
闽江	1
换算	1
美妙	1
巧言令色	1
无孔不入	1
情结	1
1630	1
走笔	1
升空	1
沉闷	1
保护主义者	1
一回事	1
等着	1
伽马射线	1
方位	1
匈业	1
设身处	1
筹备	1
隐匿	1
孝顺	1
理	1
途中	1
声望	1
赵春兰	1
纵情	1
租借	1
矿带	1
磨擦	1
制作	1
核对	1
安保法	1
花冈	1
原子	1
04	1
季	1
公论	1
沉沦	1
低级	1
辞海	1
蓝甫	1
第三十	1
名称	1
奔赴	1
无期	1
世行	1
汤曜明	1
烈士	1
六百亿	1
地表	1
第二十五	1
佳绩	1
茂名	1
珠康	1
巩德顺	1
求求	1
转	1
看去	1
大谈	1
证交所	1
说话	1
订制	1
孙快	1
成语	1
全心	1
深得人心	1
可靠性	1
夺取	1
黑龙江	1
县乡	1
交换机	1
侧重	1
李维汉	1
稻草	1
随户	1
公仆	1
依仗	1
克兰	1
结成	1
公章	1
经贸委	1
骗税	1
杨怀庆	1
机遇观	1
口信	1
拨款	1
参政	1
一九九0	1
岳培民	1
大起大落	1
1921	1
理直气壮	1
网路	1
享	1
●沙	1
饱含	1
佳	1
主导权	1
互助	1
权衡	1
旅客	1
广	1
幅	1
唐树备	1
邱晓华	1
党纲	1
停伐	1
x	1
五千年	1
纵深	1
杨传堂	1
巴勒斯坦国	1
义乌	1
迷雾	1
地皮	1
化学品	1
萨苏	1
奥卡沙	1
泛滥	1
眼界	1
霸权主义者	1
张效珍	1
择业	1
奋进	1
1700	1
迷幻	1
转弯	1
是非	1
抢修	1
缘	1
痴心	1
公诉	1
安民	1
陈联志	1
交易所	1
不同寻常	1
大义	1
函授	1
绞尽脑汁	1
正是	1
暴动	1
女儿	1
红色	1
侵入	1
返还	1
狭隘	1
孟庆松	1
劲松	1
总的来看	1
颠覆	1
安利	1
一九八0	1
秘书	1
叶巨	1
强硬派	1
博取	1
火海	1
不重	1
外埠	1
船载	1
依	1
起自	1
朴智元	1
清廷	1
胸怀	1
星座	1
马关	1
改宪	1
张而平	1
盛情	1
马丹	1
值班室	1
空白点	1
ngo	1
远洋	1
危急	1
浩劫	1
奥秘	1
李访日	1
公文	1
跃入	1
得失	1
邓肯	1
小泉纯一郎	1
玩牌者	1
房子	1
京信	1
九一年	1
受益国	1
取其	1
惩罚	1
前前后后	1
5500	1
宝	1
前后	1
兰茨贝吉斯	1
四五千亿	1
启蒙	1
浮夸	1
弯腰	1
运送	1
超乘车	1
吴云	1
神学	1
吉布提	1
躲避	1
功不可没	1
藏区	1
伞兵	1
借粮	1
一大早	1
儒雅	1
不少于	1
大阪	1
苍穹	1
宽松	1
论坛报	1
旗鼓相当	1
中视	1
前车之鉴	1
甚微	1
神社	1
电信局	1
吴建国	1
潜艇派	1
量身	1
王	1
进贡	1
顽症	1
同比	1
陈锦彪	1
要旨	1
高利贷	1
684	1
装车	1
周猛	1
将士	1
繁华	1
保全	1
徐文良	1
论点	1
公道	1
刊登	1
关中	1
余心	1
五十七	1
孙运璇	1
阿马托	1
港方	1
顾及	1
徽牌	1
课桌	1
李炳才	1
法西斯主义者	1
充足	1
实证性	1
蒂固	1
挖	1
科技部	1
见解	1
废约	1
开车	1
规范化	1
因病	1
丛书	1
严酷	1
进去	1
惨烈	1
百分比	1
伊泽特贝戈维奇	1
适度	1
签发	1
大权	1
吴建民	1
拘泥于	1
字迹	1
布道	1
早籼稻	1
社情	1
武拒统	1
七百余	1
喷出	1
含有	1
了摩	1
曹志	1
公告	1
来信	1
细尖	1
细	1
虎口	1
酞郎	1
主宰	1
银兴	1
吃吃喝喝	1
1227	1
惨剧	1
心潮	1
尹鸿祝	1
尚慕杰	1
陈锦华	1
渔业	1
刘涌	1
市里	1
法律界	1
保安	1
预见性	1
始自	1
陈清泰	1
逼切	1
跨世纪	1
职	1
排行	1
珍贵	1
调	1
一拖	1
遐迩闻名	1
石永红	1
被惩	1
意方	1
陈水在	1
李若谷	1
执罚	1
渡过	1
爱惜	1
接二连三	1
大棚	1
周岁	1
国计	1
破旧	1
抽调	1
场部	1
拯救者	1
盾牌	1
135	1
联科	1
安静	1
游说团	1
直通	1
巴桑	1
哥	1
李贵鲜	1
调研	1
焕然一新	1
截稿	1
国家队	1
苦练	1
接触战	1
朋友们	1
闭关	1
跳跃	1
社科院	1
守	1
执法不严	1
寄望	1
诉求	1
得利	1
耀眼	1
咬	1
法令	1
撤出	1
禁运	1
丢到	1
险度	1
衔接	1
变节	1
勒令	1
奴隶制	1
粉笔	1
网页	1
一查到底	1
口粮	1
比方	1
驰骋	1
顽抗	1
语重心长	1
盆	1
派出所长	1
配额制	1
二零零五年	1
早前	1
日常	1
自恃	1
投影仪	1
院长	1
原委	1
1983	1
蓬头垢面	1
反恐怖主义	1
耳畔	1
反抗	1
超强度	1
非工程	1
心事	1
圣经	1
记名制	1
徐立苹	1
额度	1
运动史	1
远来	1
滞销	1
情景	1
科技界	1
致歉	1
按理	1
吹鼓手	1
控制区	1
宝岛	1
葬身	1
dms	1
地铁	1
表彰会	1
警务	1
垮台	1
评奖	1
联名	1
册	1
二00八年	1
铁幕	1
卖给费	1
封信	1
反败为胜	1
结出	1
止	1
检讨	1
底气	1
球	1
欢呼	1
格陵兰	1
卲灵	1
俗称	1
探望	1
二日	1
霸	1
怒	1
海尔	1
可悲	1
教廷	1
田萱	1
死难者	1
摆出	1
妈	1
王国	1
纵火案	1
南酞平洋	1
即日起	1
除恶务尽	1
前任	1
汛期	1
害处	1
手法	1
惊弓之鸟	1
柳德米拉	1
作何	1
阴云	1
催生	1
儿媳	1
容许	1
